Cruise,year,month,day,D/N,tow,net,ID,Latitude,Longitude,ISO_DateTime_UTC,local_time,cruise_tow_net,flow vol_filt,min_depth,max_depth,DPI,temp,sal,CTD used,avg. t,avg sal,avg fluor,max fluor,avg o2,avg PAR,DIC(umol/kg),TA_final(umolkg-1),Si_um/kg ,pH_corr(2),PO4_um/kg,NO2+NO3 (um/kg),uM NH4
ae2112,2021,7,14,D,22,1,22,31.657917,-64.167167,2021-07-14T14:30:00Z,10:30:00,ae2112_m22_n1,269,500.3,599.7,4800,,,,,,,,,,,,,,,,
ae2112,2021,7,14,D,22,2,22,31.657917,-64.167167,2021-07-14T14:30:00Z,10:30:00,ae2112_m22_n2,460,400.1,500.3,4800,,,,,,,,,,,,,,,,
ae2112,2021,7,14,D,22,3,22,31.657917,-64.167167,2021-07-14T14:30:00Z,10:30:00,ae2112_m22_n3,510,300.6,400.1,4800,,,,,,,,,,,,,,,,
ae2112,2021,7,14,D,22,4,22,31.657917,-64.167167,2021-07-14T14:30:00Z,10:30:00,ae2112_m22_n4,321.7,196,300.6,4800,,,,,,,,,,,,,,,,
ae2112,2021,7,14,D,22,5,22,31.657917,-64.167167,2021-07-14T14:30:00Z,10:30:00,ae2112_m22_n5,97.9,174,196,4800,,,,,,,,,,,,,,,,
ae2112,2021,7,14,D,22,6,22,31.657917,-64.167167,2021-07-14T14:30:00Z,10:30:00,ae2112_m22_n6,93.1,149,174,4800,,,,,,,,,,,,,,,,
ae2112,2021,7,14,D,22,7,22,31.657917,-64.167167,2021-07-14T14:30:00Z,10:30:00,ae2112_m22_n7,287,74.1,149,4800,,,,,,,,,,,,,,,,
ae2112,2021,7,14,D,22,8,22,31.657917,-64.167167,2021-07-14T14:30:00Z,10:30:00,ae2112_m22_n8,336.2,0,74.1,4800,,,,,,,,,,,,,,,,
ae2112,2021,7,14,N,23,1,23,31.662817,-64.148983,2021-07-15T01:35:00Z,21:35:00,ae2112_m23_n1,457.8,500.4,600.6,4800,,,,,,,,,,,,,,,,
ae2112,2021,7,14,N,23,2,23,31.662817,-64.148983,2021-07-15T01:35:00Z,21:35:00,ae2112_m23_n2,389.5,400.4,500.4,4800,,,,,,,,,,,,,,,,
ae2112,2021,7,14,N,23,3,23,31.662817,-64.148983,2021-07-15T01:35:00Z,21:35:00,ae2112_m23_n3,370.2,299.9,400.4,4800,,,,,,,,,,,,,,,,
ae2112,2021,7,14,N,23,4,23,31.662817,-64.148983,2021-07-15T01:35:00Z,21:35:00,ae2112_m23_n4,379.3,200.1,299.9,4800,,,,,,,,,,,,,,,,
ae2112,2021,7,14,N,23,5,23,31.662817,-64.148983,2021-07-15T01:35:00Z,21:35:00,ae2112_m23_n5,131.7,175.6,200.1,4800,,,,,,,,,,,,,,,,
ae2112,2021,7,14,N,23,6,23,31.662817,-64.148983,2021-07-15T01:35:00Z,21:35:00,ae2112_m23_n6,145.6,150.5,175.6,4800,,,,,,,,,,,,,,,,
ae2112,2021,7,14,N,23,7,23,31.662817,-64.148983,2021-07-15T01:35:00Z,21:35:00,ae2112_m23_n7,300.1,74.8,150.5,4800,,,,,,,,,,,,,,,,
ae2112,2021,7,14,N,23,8,23,31.662817,-64.148983,2021-07-15T01:35:00Z,21:35:00,ae2112_m23_n8,378.8,0,74.8,4800,,,,,,,,,,,,,,,,
ae2124,2021,11,21,D,24,1,24,31.551917,-64.208683,2021-11-21T14:36:00Z,10:36:00,ae2124_m24_n1,342.5,498.4,599,2400,,,,,,,,,,,,,,,,
ae2124,2021,11,21,D,24,2,24,31.551917,-64.208683,2021-11-21T14:36:00Z,10:36:00,ae2124_m24_n2,365.3,399,498.4,2400,,,,,,,,,,,,,,,,
ae2124,2021,11,21,D,24,3,24,31.551917,-64.208683,2021-11-21T14:36:00Z,10:36:00,ae2124_m24_n3,323.3,299.5,399,2400,,,,,,,,,,,,,,,,
ae2124,2021,11,21,D,24,4,24,31.551917,-64.208683,2021-11-21T14:36:00Z,10:36:00,ae2124_m24_n4,346.8,199.3,299.5,2400,,,,,,,,,,,,,,,,
ae2124,2021,11,21,D,24,5,24,31.551917,-64.208683,2021-11-21T14:36:00Z,10:36:00,ae2124_m24_n5,117.9,175.8,199.3,2400,,,,,,,,,,,,,,,,
ae2124,2021,11,21,D,24,6,24,31.551917,-64.208683,2021-11-21T14:36:00Z,10:36:00,ae2124_m24_n6,118.1,149.9,175.8,2400,,,,,,,,,,,,,,,,
ae2124,2021,11,21,D,24,7,24,31.551917,-64.208683,2021-11-21T14:36:00Z,10:36:00,ae2124_m24_n7,198.5,100.5,149.9,2400,,,,,,,,,,,,,,,,
ae2124,2021,11,21,D,24,8,24,31.551917,-64.208683,2021-11-21T14:36:00Z,10:36:00,ae2124_m24_n8,384.2,0,100.5,2400,,,,,,,,,,,,,,,,
ae2124,2021,11,20,N,25,1,25,31.672633,-64.170467,2021-11-21T03:20:00Z,23:20:00,ae2124_m25_n1,244.4,497.9,599.1,2400,,,,,,,,,,,,,,,,
ae2124,2021,11,20,N,25,2,25,31.672633,-64.170467,2021-11-21T03:20:00Z,23:20:00,ae2124_m25_n2,394.1,400,497.9,2400,,,,,,,,,,,,,,,,
ae2124,2021,11,20,N,25,3,25,31.672633,-64.170467,2021-11-21T03:20:00Z,23:20:00,ae2124_m25_n3,502.3,296.8,400,2400,,,,,,,,,,,,,,,,
ae2124,2021,11,20,N,25,4,25,31.672633,-64.170467,2021-11-21T03:20:00Z,23:20:00,ae2124_m25_n4,391.1,201.4,296.8,2400,,,,,,,,,,,,,,,,
ae2124,2021,11,20,N,25,5,25,31.672633,-64.170467,2021-11-21T03:20:00Z,23:20:00,ae2124_m25_n5,113.7,172.6,201.4,2400,,,,,,,,,,,,,,,,
ae2124,2021,11,20,N,25,6,25,31.672633,-64.170467,2021-11-21T03:20:00Z,23:20:00,ae2124_m25_n6,155.1,150.2,172.6,2400,,,,,,,,,,,,,,,,
ae2124,2021,11,20,N,25,7,25,31.672633,-64.170467,2021-11-21T03:20:00Z,23:20:00,ae2124_m25_n7,224.3,98.7,150.2,2400,,,,,,,,,,,,,,,,
ae2124,2021,11,20,N,25,8,25,31.672633,-64.170467,2021-11-21T03:20:00Z,23:20:00,ae2124_m25_n8,491.7,0,98.7,2400,,,,,,,,,,,,,,,,
ae2204,2022,3,31,N,26,1,26,31.657683,-64.15675,2022-04-01T03:30:00Z,23:30:00,ae2204_m26_n1,870.5,500.2,600.5,2400,,,,,,,,,,,,,,,,
ae2204,2022,3,31,N,26,2,26,31.657683,-64.15675,2022-04-01T03:30:00Z,23:30:00,ae2204_m26_n2,552.6,399.6,500.2,2400,,,,,,,,,,,,,,,,
ae2204,2022,3,31,N,26,3,26,31.657683,-64.15675,2022-04-01T03:30:00Z,23:30:00,ae2204_m26_n3,528.4,300,399.6,2400,,,,,,,,,,,,,,,,
ae2204,2022,3,31,N,26,4,26,31.657683,-64.15675,2022-04-01T03:30:00Z,23:30:00,ae2204_m26_n4,614.4,219.4,300,2400,,,,,,,,,,,,,,,,
ae2204,2022,3,31,N,26,5,26,31.657683,-64.15675,2022-04-01T03:30:00Z,23:30:00,ae2204_m26_n5,418.8,149,219.4,2400,,,,,,,,,,,,,,,,
ae2204,2022,3,31,N,26,6,26,31.657683,-64.15675,2022-04-01T03:30:00Z,23:30:00,ae2204_m26_n6,343.4,89.3,149,2400,,,,,,,,,,,,,,,,
ae2204,2022,3,31,N,26,7,26,31.657683,-64.15675,2022-04-01T03:30:00Z,23:30:00,ae2204_m26_n7,280.5,48.8,89.3,2400,,,,,,,,,,,,,,,,
ae2204,2022,3,31,N,26,8,26,31.657683,-64.15675,2022-04-01T03:30:00Z,23:30:00,ae2204_m26_n8,194,0,48.8,2400,,,,,,,,,,,,,,,,
ae2204,2022,4,1,D,27,1,27,31.66875,-64.172583,2022-04-01T14:34:00Z,10:34:00,ae2204_m27_n1,1381.5,497.5,599.7,2400,,,,,,,,,,,,,,,,
ae2204,2022,4,1,D,27,2,27,31.66875,-64.172583,2022-04-01T14:34:00Z,10:34:00,ae2204_m27_n2,410.5,399.2,497.5,2400,,,,,,,,,,,,,,,,
ae2204,2022,4,1,D,27,3,27,31.66875,-64.172583,2022-04-01T14:34:00Z,10:34:00,ae2204_m27_n3,336.5,300.4,399.2,2400,,,,,,,,,,,,,,,,
ae2204,2022,4,1,D,27,4,27,31.66875,-64.172583,2022-04-01T14:34:00Z,10:34:00,ae2204_m27_n4,464.4,219.8,300.4,2400,,,,,,,,,,,,,,,,
ae2204,2022,4,1,D,27,5,27,31.66875,-64.172583,2022-04-01T14:34:00Z,10:34:00,ae2204_m27_n5,343.3,149.3,219.8,2400,,,,,,,,,,,,,,,,
ae2204,2022,4,1,D,27,6,27,31.66875,-64.172583,2022-04-01T14:34:00Z,10:34:00,ae2204_m27_n6,388.1,88.5,149.3,2400,,,,,,,,,,,,,,,,
ae2204,2022,4,1,D,27,7,27,31.66875,-64.172583,2022-04-01T14:34:00Z,10:34:00,ae2204_m27_n7,316,49.2,88.5,2400,,,,,,,,,,,,,,,,
ae2204,2022,4,1,D,27,8,27,31.66875,-64.172583,2022-04-01T14:34:00Z,10:34:00,ae2204_m27_n8,171.8,0,49.2,2400,,,,,,,,,,,,,,,,
ae2214,2022,7,14,D,28,1,28,31.679467,-64.150033,2022-07-14T15:05:00Z,11:05:00,ae2214_m28_n1,403.6,500.2,600.7,2400,,,,,,,,,,,,,,,,
ae2214,2022,7,14,D,28,2,28,31.679467,-64.150033,2022-07-14T15:05:00Z,11:05:00,ae2214_m28_n2,398.1,401,500.2,2400,,,,,,,,,,,,,,,,
ae2214,2022,7,14,D,28,3,28,31.679467,-64.150033,2022-07-14T15:05:00Z,11:05:00,ae2214_m28_n3,470.5,300.8,401,2400,,,,,,,,,,,,,,,,
ae2214,2022,7,14,D,28,4,28,31.679467,-64.150033,2022-07-14T15:05:00Z,11:05:00,ae2214_m28_n4,398.7,201.3,300.8,2400,,,,,,,,,,,,,,,,
ae2214,2022,7,14,D,28,5,28,31.679467,-64.150033,2022-07-14T15:05:00Z,11:05:00,ae2214_m28_n5,287,140,201.3,2400,,,,,,,,,,,,,,,,
ae2214,2022,7,14,D,28,6,28,31.679467,-64.150033,2022-07-14T15:05:00Z,11:05:00,ae2214_m28_n6,299.6,80.5,140,2400,,,,,,,,,,,,,,,,
ae2214,2022,7,14,D,28,7,28,31.679467,-64.150033,2022-07-14T15:05:00Z,11:05:00,ae2214_m28_n7,157.9,39.3,80.5,2400,,,,,,,,,,,,,,,,
ae2214,2022,7,14,D,28,8,28,31.679467,-64.150033,2022-07-14T15:05:00Z,11:05:00,ae2214_m28_n8,239.9,0.4,39.3,2400,,,,,,,,,,,,,,,,
ae2214,2022,7,14,N,29,1,29,31.66085,-64.17185,2022-07-15T01:35:00Z,21:50:00,ae2214_m29_n1,418.8,500.5,600.3,2400,,,,,,,,,,,,,,,,
ae2214,2022,7,14,N,29,2,29,31.66085,-64.17185,2022-07-15T01:35:00Z,21:50:00,ae2214_m29_n2,428.1,400.5,500.5,2400,,,,,,,,,,,,,,,,
ae2214,2022,7,14,N,29,3,29,31.66085,-64.17185,2022-07-15T01:35:00Z,21:50:00,ae2214_m29_n3,395.7,299.6,400.5,2400,,,,,,,,,,,,,,,,
ae2214,2022,7,14,N,29,4,29,31.66085,-64.17185,2022-07-15T01:35:00Z,21:50:00,ae2214_m29_n4,396,200.7,299.6,2400,,,,,,,,,,,,,,,,
ae2214,2022,7,14,N,29,5,29,31.66085,-64.17185,2022-07-15T01:35:00Z,21:50:00,ae2214_m29_n5,232.8,139.8,200.7,2400,,,,,,,,,,,,,,,,
ae2214,2022,7,14,N,29,6,29,31.66085,-64.17185,2022-07-15T01:35:00Z,21:50:00,ae2214_m29_n6,230.2,80.4,139.8,2400,,,,,,,,,,,,,,,,
ae2214,2022,7,14,N,29,7,29,31.66085,-64.17185,2022-07-15T01:35:00Z,21:50:00,ae2214_m29_n7,169.9,40.7,80.4,2400,,,,,,,,,,,,,,,,
ae2214,2022,7,14,N,29,8,29,31.66085,-64.17185,2022-07-15T01:35:00Z,21:50:00,ae2214_m29_n8,148.8,0.2,40.7,2400,,,,,,,,,,,,,,,,
ae2224,2022,11,28,D,30,1,30,31.509833,-64.219083,2022-11-28T13:55:00Z,9:55:00,ae2224_m30_n1,549.9,500.5,598.9,2400,,,,,,,,,,,,,,,,
ae2224,2022,11,28,D,30,2,30,31.509833,-64.219083,2022-11-28T13:55:00Z,9:55:00,ae2224_m30_n2,642.8,401.5,500.5,2400,,,,,,,,,,,,,,,,
ae2224,2022,11,28,D,30,3,30,31.509833,-64.219083,2022-11-28T13:55:00Z,9:55:00,ae2224_m30_n3,490.6,300.1,401.5,2400,,,,,,,,,,,,,,,,
ae2224,2022,11,28,D,30,4,30,31.509833,-64.219083,2022-11-28T13:55:00Z,9:55:00,ae2224_m30_n4,584,200.1,300.1,2400,,,,,,,,,,,,,,,,
ae2224,2022,11,28,D,30,5,30,31.509833,-64.219083,2022-11-28T13:55:00Z,9:55:00,ae2224_m30_n5,373.6,140.2,200.1,2400,,,,,,,,,,,,,,,,
ae2224,2022,11,28,D,30,6,30,31.509833,-64.219083,2022-11-28T13:55:00Z,9:55:00,ae2224_m30_n6,396.8,80.3,140.2,2400,,,,,,,,,,,,,,,,
ae2224,2022,11,28,D,30,7,30,31.509833,-64.219083,2022-11-28T13:55:00Z,9:55:00,ae2224_m30_n7,210,38.8,80.3,2400,,,,,,,,,,,,,,,,
ae2224,2022,11,28,D,30,8,30,31.509833,-64.219083,2022-11-28T13:55:00Z,9:55:00,ae2224_m30_n8,198.9,0,38.8,2400,,,,,,,,,,,,,,,,
ae2224,2022,11,28,N,31,1,31,31.5847,-64.342467,2022-11-29T02:58:00Z,22:58:00,ae2224_m31_n1,662.7,499.8,601.1,2400,,,,,,,,,,,,,,,,
ae2224,2022,11,28,N,31,2,31,31.5847,-64.342467,2022-11-29T02:58:00Z,22:58:00,ae2224_m31_n2,741,399.4,499.8,2400,,,,,,,,,,,,,,,,
ae2224,2022,11,28,N,31,3,31,31.5847,-64.342467,2022-11-29T02:58:00Z,22:58:00,ae2224_m31_n3,758,300,399.4,2400,,,,,,,,,,,,,,,,
ae2224,2022,11,28,N,31,4,31,31.5847,-64.342467,2022-11-29T02:58:00Z,22:58:00,ae2224_m31_n4,690.8,199.3,300,2400,,,,,,,,,,,,,,,,
ae2224,2022,11,28,N,31,5,31,31.5847,-64.342467,2022-11-29T02:58:00Z,22:58:00,ae2224_m31_n5,343.1,139.6,199.3,2400,,,,,,,,,,,,,,,,
ae2224,2022,11,28,N,31,6,31,31.5847,-64.342467,2022-11-29T02:58:00Z,22:58:00,ae2224_m31_n6,350.1,79.1,139.6,2400,,,,,,,,,,,,,,,,
ae2224,2022,11,28,N,31,7,31,31.5847,-64.342467,2022-11-29T02:58:00Z,22:58:00,ae2224_m31_n7,330.2,39.8,79.1,2400,,,,,,,,,,,,,,,,
ae2224,2022,11,28,N,31,8,31,31.5847,-64.342467,2022-11-29T02:58:00Z,22:58:00,ae2224_m31_n8,239.7,0,39.8,2400,,,,,,,,,,,,,,,,
ae2306,2023,3,23,D,33,1,33,31.667617,-64.170033,2023-03-23T18:03:00Z,14:04:00,ae2306_m33_n1,509,500.3,601.2,2400,,,,,,,,,,,,,,,,
ae2306,2023,3,23,D,33,2,33,31.667617,-64.170033,2023-03-23T18:03:00Z,14:04:00,ae2306_m33_n2,538.6,400.2,500.3,2400,,,,,,,,,,,,,,,,
ae2306,2023,3,23,D,33,3,33,31.667617,-64.170033,2023-03-23T18:03:00Z,14:04:00,ae2306_m33_n3,531.7,299.9,400.2,2400,,,,,,,,,,,,,,,,
ae2306,2023,3,23,D,33,4,33,31.667617,-64.170033,2023-03-23T18:03:00Z,14:04:00,ae2306_m33_n4,544.1,198.6,299.9,2400,,,,,,,,,,,,,,,,
ae2306,2023,3,23,D,33,5,33,31.667617,-64.170033,2023-03-23T18:03:00Z,14:04:00,ae2306_m33_n5,302.1,140.5,198.6,2400,,,,,,,,,,,,,,,,
ae2306,2023,3,23,D,33,6,33,31.667617,-64.170033,2023-03-23T18:03:00Z,14:04:00,ae2306_m33_n6,265.6,79,140.5,2400,,,,,,,,,,,,,,,,
ae2306,2023,3,23,D,33,7,33,31.667617,-64.170033,2023-03-23T18:03:00Z,14:04:00,ae2306_m33_n7,150.3,39.2,79,2400,,,,,,,,,,,,,,,,
ae2306,2023,3,23,D,33,8,33,31.667617,-64.170033,2023-03-23T18:03:00Z,14:04:00,ae2306_m33_n8,174.4,0,39.2,2400,,,,,,,,,,,,,,,,
ae2306,2023,3,24,N,35,1,35,31.639583,-64.270317,2023-03-25T01:55:00Z,21:55:00,ae2306_m35_n1,482.6,499.9,601,2400,,,,,,,,,,,,,,,,
ae2306,2023,3,24,N,35,2,35,31.639583,-64.270317,2023-03-25T01:55:00Z,21:55:00,ae2306_m35_n2,489.2,400.8,499.9,2400,,,,,,,,,,,,,,,,
ae2306,2023,3,24,N,35,3,35,31.639583,-64.270317,2023-03-25T01:55:00Z,21:55:00,ae2306_m35_n3,465.6,300.3,400.8,2400,,,,,,,,,,,,,,,,
ae2306,2023,3,24,N,35,4,35,31.639583,-64.270317,2023-03-25T01:55:00Z,21:55:00,ae2306_m35_n4,466.5,200,300.3,2400,,,,,,,,,,,,,,,,
ae2306,2023,3,24,N,35,5,35,31.639583,-64.270317,2023-03-25T01:55:00Z,21:55:00,ae2306_m35_n5,239.5,139.5,200,2400,,,,,,,,,,,,,,,,
ae2306,2023,3,24,N,35,6,35,31.639583,-64.270317,2023-03-25T01:55:00Z,21:55:00,ae2306_m35_n6,228.9,79.5,139.5,2400,,,,,,,,,,,,,,,,
ae2306,2023,3,24,N,35,7,35,31.639583,-64.270317,2023-03-25T01:55:00Z,21:55:00,ae2306_m35_n7,135.3,38.9,79.5,2400,,,,,,,,,,,,,,,,
ae2306,2023,3,24,N,35,8,35,31.639583,-64.270317,2023-03-25T01:55:00Z,21:55:00,ae2306_m35_n8,108.7,0,38.9,2400,,,,,,,,,,,,,,,,
