Cruise,year,month,day,D/N,tow,net,ID,Station,Latitude,Longitude,yrday_local,hhmm,flow,vol_filt,min_press,max_press,temp,sal,max depth,min depth,CTD used,avg. t,avg sal,avg fluor,max fluor,avg o2,avg PAR,DIC(umol/kg),TA_final(umolkg-1),Si_um/kg ,pH_corr(2),PO4_um/kg,NO2+NO3 (um/kg),uM NH4
OC473,2011,8,9,D,1,0,1,Test_1,39.5658,-66.6607,220.628785,1505.45,157,892.5,2.9,103.7,22.46337086,34.9793543,100,0,1,21.051372,35.650103,0.493102,0.493102,188.79459,113.9253,,,,,,,
OC473,2011,8,9,D,1,1,1.01,Test_1,39.5793,-66.6591,220.646887,1531.517,44,227.1,75.4,105.6,15.91867692,35.76109231,100,75,1,16.07636129,35.82086774,0.261109677,0.261109677,162.6420645,4.040967742,,,,,,,
OC473,2011,8,9,D,1,2,1.02,Test_1,39.5816,-66.6563,220.649907,1535.866,40,218.9,48.2,74.8,18.98971212,35.99910606,75,50,1,18.35493929,35.7129,0.8931,0.8931,200.3088571,37.73535714,,,,,,,
OC473,2011,8,9,D,1,3,1.03,Test_1,39.5839,-66.6536,220.652975,1540.284,30,177.1,25.1,49.3,23.68664151,36.11279245,50,25,1,24.83242308,35.99917692,0.702373077,0.702373077,201.3439615,198.0307692,,,,,,,
OC473,2011,8,9,D,1,4,1.04,Test_1,39.5857,-66.6514,220.65544,1543.834,52,324.4,1.2,25.9,27.8986701,35.59690722,25,0,1,26.59715,34.96967727,0.127368182,0.127368182,194.2723636,252.7272727,,,,,,,
OC473,2011,8,9,D,1,5,1.05,Test_1,39.5886,-66.6472,220.659942,1550.316,7,46,1.1,2.7,27.77844444,31.51377778,0,0,1,26.6523,26.6523,26.6523,26.6523,26.6523,26.6523,,,,,,,
OC473,2011,8,11,N,2,0,2,1,34.996,-52.0269,223.890486,2122.3,108,791.7,2.3,1005.8,15.04727318,35.97676065,1000,0,104,15.7147009,36.14626409,0.042078235,0.042078235,190.9877503,1E-12,2105.9,2374.5,4.6,7.9,0.2,6.6,0.4
OC473,2011,8,11,N,2,1,2.01,1,35.0153,-52.0589,223.929444,2218.399,0,0,870.2,997.5,8.663505618,35.13301685,1000,800,104,9.864017413,35.28822687,0.017382587,0.017382587,149.2919453,1E-12,2183.8,2320.7,14.5,7.7,1.0,21.2,0.7
OC473,2011,8,11,N,2,2,2.02,1,35.0194,-52.0652,223.937708,2230.3,0,0,600.7,869.5,13.22649162,35.6849162,800,600,104,14.3764806,35.89901791,0.008559204,0.008559204,180.3479353,1E-12,2129.9,2363.0,4.8,7.9,0.3,9.4,0.3
OC473,2011,8,11,N,2,3,2.03,1,35.0286,-52.0781,223.95434,2254.25,118,558.8,398.2,599.9,17.05716151,36.36739863,600,400,104,17.2624806,36.44607711,0.003766169,0.003766169,203.264393,1E-12,2110.9,2379.5,3.1,8.0,0.1,5.8,0.3
OC473,2011,8,11,N,2,4,2.04,1,35.0369,-52.0895,223.96787,2313.733,36,171.4,367.9,397.5,17.61863043,36.48834783,400,200,104,17.77066169,36.55761244,0.001535821,0.001535821,211.6522537,1E-12,2092.3,2393.0,2.3,8.0,0.0,3.2,0.6
OC473,2011,8,11,N,2,5,2.05,1,35.0383,-52.0913,223.97,2316.8,281,1323,150.7,367.5,17.75125301,36.51503916,200,100,104,17.96057129,36.58092079,0.104475248,0.104475248,206.4008218,1E-12,2095.1,2393.6,2.2,8.0,0.0,3.1,0.7
OC473,2011,8,11,N,2,6,2.06,1,35.0489,-52.1052,223.985428,2339.016,151,664.5,50.8,150.2,18.19047953,36.54794737,100,50,104,18.55809804,36.58972549,0.424578431,0.424578431,215.0972157,1E-12,2092.9,2402.1,2.0,8.0,0.0,2.0,0.2
OC473,2011,8,11,N,2,7,2.07,1,35.0546,-52.1129,223.99338,2350.467,65,303.3,25.5,50.6,20.36013924,36.49894937,50,25,104,21.3274,36.54263846,0.119365385,0.119365385,229.4946154,1E-12,2057.9,2399.7,1.4,8.1,0.0,0.3,0.1
OC473,2011,8,11,N,2,8,2.08,1,35.0574,-52.1164,223.997049,2355.751,56,288.3,-0.1,25.6,25.63464474,36.27052632,25,0,104,25.67191364,36.32327727,0.055440909,0.055440909,199.0667727,1E-12,2042.1,2377.4,1.1,8.1,0.0,0.0,0.2
OC473,2011,8,11,N,2,9,2.09,1,35.0608,-52.1184,224.000637,1,6,35,-0.1,0.2,26.638125,36.24725,0,0,104,26.1694,36.2337,0.0617,0.0617,196.714,1E-12,2035.4,2373.4,1.2,8.1,0.0,0.0,0.0
OC473,2011,8,21,D,3,0,3,1,35.0685,-52.0771,224.300683,712.984,232,1755.3,4,1010.6,14.72257522,35.93046128,1000,0,104,15.7147009,36.14626409,0.042078235,0.042078235,190.9877503,1E-12,2105.9,2374.5,4.6,7.9,0.2,6.6,0.4
OC473,2011,8,21,D,3,1,3.01,1,35.0822,-52.0447,224.342789,813.616,120,573.2,799.9,995.4,10.08585161,35.26732258,1000,800,104,9.864017413,35.28822687,0.017382587,0.017382587,149.2919453,1E-12,2183.8,2320.7,14.5,7.7,1.0,21.2,0.7
OC473,2011,8,21,D,3,2,3.02,1,35.085,-52.0382,224.349988,823.983,251,1103.5,602.2,798.6,14.47704545,35.87678322,800,600,104,14.3764806,35.89901791,0.008559204,0.008559204,180.3479353,1E-12,2129.9,2363.0,4.8,7.9,0.3,9.4,0.3
OC473,2011,8,21,D,3,3,3.03,1,35.0898,-52.0252,224.363275,843.116,337,1476.8,401,601.2,17.24980688,36.40861905,600,400,104,17.2624806,36.44607711,0.003766169,0.003766169,203.264393,1E-12,2110.9,2379.5,3.1,8.0,0.1,5.8,0.3
OC473,2011,8,21,D,3,4,3.04,1,35.0953,-52.0064,224.380845,908.417,321,1409.5,201.5,400.6,17.701425,36.50716944,400,200,104,17.77066169,36.55761244,0.001535821,0.001535821,211.6522537,1E-12,2092.3,2393.0,2.3,8.0,0.0,3.2,0.6
OC473,2011,8,21,D,3,5,3.05,1,35.1009,-51.9898,224.397569,932.499,145,640.4,102,200.9,17.89319018,36.53687117,200,100,104,17.96057129,36.58092079,0.104475248,0.104475248,206.4008218,1E-12,2095.1,2393.6,2.2,8.0,0.0,3.1,0.7
OC473,2011,8,21,D,3,6,3.06,1,35.1037,-51.9822,224.405139,943.4,97,450.9,52.6,100.8,18.3865431,36.54266379,100,50,104,18.55809804,36.58972549,0.424578431,0.424578431,215.0972157,1E-12,2092.9,2402.1,2.0,8.0,0.0,2.0,0.2
OC473,2011,8,21,D,3,7,3.07,1,35.1056,-51.9766,224.410532,951.166,60,296.2,25.9,52.5,21.35560256,36.47855128,50,25,104,21.3274,36.54263846,0.119365385,0.119365385,229.4946154,1E-12,2057.9,2399.7,1.4,8.1,0.0,0.3,0.1
OC473,2011,8,21,D,3,8,3.08,1,35.1068,-51.9729,224.414155,956.383,42,271.1,0.2,26.1,25.81668421,36.34985526,25,0,104,25.67191364,36.32327727,0.055440909,0.055440909,199.0667727,1E-12,2042.1,2377.4,1.1,8.1,0.0,0.0,0.2
OC473,2011,8,21,D,3,9,3.09,1,35.1081,-51.9697,224.417685,1001.466,4,36.2,0.3,1,26.3808,36.362,0,0,104,26.1694,36.2337,0.0617,0.0617,196.714,1E-12,2035.4,2373.4,1.2,8.1,0.0,0.0,0.0
OC473,2011,8,13,D,4,0,4,5,36.9855,-51.9741,225.442245,1036.833,146,1201.3,4,1015.3,15.17451816,35.94339467,1000,0,509,15.45091725,36.06728074,0.046773721,0.046773721,188.4621194,9.577976157,2110.179108,2366.623788,4.143194758,7.939050166,0.243291927,5.980207554,0.369495345
OC473,2011,8,13,D,4,1,4.01,5,36.9613,-51.9579,225.480613,1132.083,110,567.6,801.2,998.6,10.15026144,35.28157516,1000,800,509,9.737544776,35.28391891,0.017118408,0.017118408,152.1320149,1E-12,2173.169749,2303.114686,13.97879891,7.695672681,1.115704646,21.29804562,0.09913923
OC473,2011,8,13,D,4,2,4.02,5,36.9563,-51.9546,225.487731,1142.333,185,913.6,601.7,800.6,13.82264831,35.76339407,800,600,509,13.47707562,35.7480408,0.013963682,0.013963682,185.0611343,1E-12,2132.234884,2331.197898,5.589485498,7.86510464,0.421520985,10.31779368,0.070742566
OC473,2011,8,13,D,4,3,4.03,5,36.9486,-51.949,225.498692,1158.116,237,1186.2,401.1,601,16.3818241,36.22380456,600,400,509,16.38957065,36.26571841,0.004195522,0.004195522,193.9279104,1E-12,2111.143966,2351.90374,3.450039024,7.934468951,0.161631388,6.094405909,0.183664972
OC473,2011,8,13,D,4,4,4.04,5,36.9394,-51.9418,225.512951,1218.649,222,1048.1,201.1,400.7,17.75856554,36.50236704,400,200,509,17.76225174,36.54060398,0.001612935,0.001612935,205.375597,0.000340937,2102.225357,2379.993933,2.236930981,8.001344728,0.04761538,2.921845989,0.113586656
OC473,2011,8,13,D,4,5,4.05,5,36.9306,-51.9349,225.525359,1236.517,111,527.2,100.5,200.4,18.25232331,36.54793985,200,100,509,18.20606634,36.58585743,0.08540099,0.08540099,201.0717525,0.427315842,2107.125683,2399.04428,2.345118918,7.985679727,0.106983761,3.088209477,0.363728565
OC473,2011,8,13,D,4,6,4.06,5,36.9261,-51.9312,225.531539,1245.416,102,522.6,52.4,100.5,19.46938519,36.52428889,100,50,509,19.41226275,36.57611765,0.519154902,0.519154902,215.1892353,16.28647059,2100.138238,2396.465104,1.719466613,7.954700786,0,1.097667959,0.952229368
OC473,2011,8,13,D,4,7,4.07,5,36.9215,-51.9272,225.537813,1254.451,54,283.4,26.2,51.9,23.3200411,36.36654795,50,25,509,23.17237308,36.36623077,0.139680769,0.139680769,215.3035385,114.2115385,2054.433686,2386.942236,1.079864612,8.06835817,0,0,0.852260929
OC473,2011,8,13,D,4,8,4.08,5,36.9189,-51.9248,225.541204,1259.334,53,277,1,26.4,25.79523288,36.37284932,25,0,509,25.89752727,36.15044091,0.057427273,0.057427273,198.1438636,270.0454545,2045.029667,2378.479388,1.268414556,8.077873819,0,0,0.650324683
OC473,2011,8,13,D,4,9,4.09,5,36.9163,-51.9225,225.544595,1304.217,4,26.4,0.4,1.1,26.1235,36.378625,0,0,509,26.1694,36.2337,0.0617,0.0617,196.714,1E-12,2045.029667,2378.479388,1.268414556,8.077873819,0,0,0.650324683
OC473,2011,8,13,N,5,0,5,5,36.9619,-52.0088,225.925694,2212.999,325,2343.3,2.7,1012.8,16.34774378,36.04695332,1000,0,509,15.45091725,36.06728074,0.046773721,0.046773721,188.4621194,9.577976157,2110.179108,2366.623788,4.143194758,7.939050166,0.243291927,5.980207554,0.369495345
OC473,2011,8,13,N,5,1,5.01,5,36.9286,-52.009,225.970486,2317.5,179,1028.7,799.4,999.7,9.917639576,35.26050883,1000,800,509,9.737544776,35.28391891,0.017118408,0.017118408,152.1320149,1E-12,2173.169749,2303.114686,13.97879891,7.695672681,1.115704646,21.29804562,0.09913923
OC473,2011,8,13,N,5,2,5.02,5,36.9192,-52.0084,225.983634,2336.433,196,1056.7,600.6,799.1,13.66423741,35.73970504,800,600,509,13.47707562,35.7480408,0.013963682,0.013963682,185.0611343,1E-12,2132.234884,2331.197898,5.589485498,7.86510464,0.421520985,10.31779368,0.070742566
OC473,2011,8,13,N,5,3,5.03,5,36.91,-52.0083,225.996551,2355.033,198,1029.1,399.3,599.9,16.53848134,36.25732836,600,400,509,16.38957065,36.26571841,0.004195522,0.004195522,193.9279104,1E-12,2111.143966,2351.90374,3.450039024,7.934468951,0.161631388,6.094405909,0.183664972
OC473,2011,8,13,N,5,4,5.04,5,36.9011,-52.0074,226.009028,13,207,1090.9,199.6,398.4,17.7112007,36.49433099,400,200,509,17.76225174,36.54060398,0.001612935,0.001612935,205.375597,0.000340937,2102.225357,2379.993933,2.236930981,8.001344728,0.04761538,2.921845989,0.113586656
OC473,2011,8,13,N,5,5,5.05,5,36.8919,-52.0059,226.022222,32,100,537.5,98.9,199,18.21853957,36.54902158,200,100,509,18.20606634,36.58585743,0.08540099,0.08540099,201.0717525,0.427315842,2107.125683,2399.04428,2.345118918,7.985679727,0.106983761,3.088209477,0.363728565
OC473,2011,8,13,N,5,6,5.06,5,36.8872,-52.0049,226.028681,41.3,79,425.1,50,98.6,19.72479091,36.52096364,100,50,509,19.41226275,36.57611765,0.519154902,0.519154902,215.1892353,16.28647059,2100.138238,2396.465104,1.719466613,7.954700786,0,1.097667959,0.952229368
OC473,2011,8,13,N,5,7,5.07,5,36.8831,-52.0044,226.033796,48.67,62,347.1,26.7,49.9,24.17927174,36.37397826,50,25,509,23.17237308,36.36623077,0.139680769,0.139680769,215.3035385,114.2115385,2054.433686,2386.942236,1.079864612,8.06835817,0,0,0.852260929
OC473,2011,8,13,N,5,8,5.08,5,36.8798,-52.0039,226.038067,54.82,68,399.4,1.4,26.2,25.84603738,36.2572243,25,0,509,25.89752727,36.15044091,0.057427273,0.057427273,198.1438636,270.0454545,2045.029667,2378.479388,1.268414556,8.077873819,0,0,0.650324683
OC473,2011,8,13,N,5,9,5.09,5,36.8761,-52.0035,226.043032,101.97,7,54.4,1.3,2.2,26.02278571,36.18428571,0,0,509,26.1694,36.2337,0.0617,0.0617,196.714,1E-12,2045.029667,2378.479388,1.268414556,8.077873819,0,0,0.650324683
OC473,2011,8,15,N,6,0,6,8,38.5111,-51.9615,227.015937,22.95,355,2426.8,2.1,1011.1,16.36694754,36.03980407,1000,0,817,14.81349629,35.96070431,0.052462387,0.052462387,174.217324,48.175461,2097.579139,2377.253214,3.854914219,7.965359454,0.222906025,4.726596396,0.42332635
OC473,2011,8,15,N,6,1,6.01,8,38.4803,-51.9526,227.05934,125.45,167,938.1,799.4,1000.7,8.052821012,35.09379377,1000,800,817,7.294919403,35.0928995,0.022035323,0.022035323,173.2646219,1E-12,2173.912091,2319.950895,14.1062823,7.692211115,1.172076233,19.74777857,0.349419683
OC473,2011,8,15,N,6,2,6.02,8,38.4733,-51.9566,227.071285,142.65,215,1054.4,601.5,798.6,12.49018819,35.57425461,800,600,817,11.32488955,35.45176169,0.016675622,0.016675622,143.6415622,1E-12,2159.614516,2341.584648,9.775994594,7.78188322,0.847181037,16.1526595,0.151717101
OC473,2011,8,15,N,6,3,6.03,8,38.4656,-51.9626,227.083866,200.77,267,1088.9,405.7,600.4,16.40122711,36.22665568,600,400,817,15.77897164,36.14558159,0.008278607,0.008278607,176.5399502,1E-12,2126.76675,2372.002872,3.722289485,7.920826586,0.249258387,7.183902072,0.318252856
OC473,2011,8,15,N,6,4,6.04,8,38.4583,-51.9687,227.096551,219.03,310,1240.5,201,405.4,18.01462783,36.53672492,400,200,817,17.93968458,36.5354592,0.004423881,0.004423881,193.3773831,0.010142349,2105.488268,2390.487822,2.216518671,7.981976232,0.067490389,2.994042666,0.405402009
OC473,2011,8,15,N,6,5,6.05,8,38.451,-51.9773,227.110914,239.716,156,644.4,101.7,200.3,18.98045342,36.58053416,200,100,817,19.54826931,36.64775149,0.075028713,0.075028713,181.8297723,1.584584158,2105.010602,2398.278796,1.985333494,7.991218664,0.065463906,2.23509259,0.05286581
OC473,2011,8,15,N,6,6,6.06,8,38.4473,-51.982,227.118391,250.483,72,323.6,51.5,101.2,21.67238272,36.57764198,100,50,817,22.8639,36.76628627,0.59185098,0.59185098,180.0791961,63.11647059,2073.617082,2392.78947,1.651507345,8.037626381,0,0,0.5758382
OC473,2011,8,15,N,6,7,6.07,8,38.4455,-51.9847,227.122153,255.9,46,232.8,22.9,50.9,24.99106557,36.22585246,50,25,817,25.44730769,36.4019,0.142684615,0.142684615,193.9323077,547.7307692,2042.07509,2374.463613,2.023600468,8.072486029,0.03611762,0,0.87075509
OC473,2011,8,15,N,6,8,6.08,8,38.4442,-51.9869,227.124988,259.983,44,243.1,1.5,23.3,26.03444444,36.14212698,25,0,817,26.26245,36.14410455,0.056036364,0.056036364,195.1679091,1431.590909,2029.490774,2374.708101,2.075523042,8.087439161,0.024078413,0,0.665986405
OC473,2011,8,15,N,6,9,6.09,8,38.4434,-51.9896,227.127917,304.2,6,38.3,1.4,3.1,26.16855556,36.15255556,0,0,817,26.1694,36.2337,0.0617,0.0617,196.714,1E-12,2029.523623,2377.106802,1.960253132,8.086925025,0,0,0.630830838
OC473,2011,8,15,D,7,0,7,8,38.5028,-51.8999,227.383009,911.533,521,3554.2,2.5,1007.5,15.10795199,35.93116848,1000,0,817,14.81349629,35.96070431,0.052462387,0.052462387,174.217324,48.175461,2097.579139,2377.253214,3.854914219,7.965359454,0.222906025,4.726596396,0.42332635
OC473,2011,8,15,D,7,1,7.01,8,38.5362,-51.8457,227.434838,1026.167,276,1314.9,801.3,1001.9,7.676339943,35.0619915,1000,800,817,7.294919403,35.0928995,0.022035323,0.022035323,173.2646219,1E-12,2173.912091,2319.950895,14.1062823,7.692211115,1.172076233,19.74777857,0.349419683
OC473,2011,8,15,D,7,2,7.02,8,38.5447,-51.8284,227.451238,1049.783,222,1076.3,600.7,801.2,11.77311498,35.47350871,800,600,817,11.32488955,35.45176169,0.016675622,0.016675622,143.6415622,1E-12,2159.614516,2341.584648,9.775994594,7.78188322,0.847181037,16.1526595,0.151717101
OC473,2011,8,15,D,7,3,7.03,8,38.552,-51.8137,227.464572,1108.984,216,1067.5,401.5,599.9,15.88333094,36.13107914,600,400,817,15.77897164,36.14558159,0.008278607,0.008278607,176.5399502,1E-12,2126.76675,2372.002872,3.722289485,7.920826586,0.249258387,7.183902072,0.318252856
OC473,2011,8,15,D,7,4,7.04,8,38.5591,-51.7985,227.477488,1127.583,245,1186.3,201,400.6,17.9689868,36.51527393,400,200,817,17.93968458,36.5354592,0.004423881,0.004423881,193.3773831,0.010142349,2105.488268,2390.487822,2.216518671,7.981976232,0.067490389,2.994042666,0.405402009
OC473,2011,8,15,D,7,5,7.05,8,38.5672,-51.7811,227.491562,1147.849,125,590.5,100.9,200.3,19.47496667,36.58632,200,100,817,19.54826931,36.64775149,0.075028713,0.075028713,181.8297723,1.584584158,2105.010602,2398.278796,1.985333494,7.991218664,0.065463906,2.23509259,0.05286581
OC473,2011,8,15,D,7,6,7.06,8,38.571,-51.7723,227.49853,1157.883,94,471,51.6,100.2,22.92790984,36.72969672,100,50,817,22.8639,36.76628627,0.59185098,0.59185098,180.0791961,63.11647059,2073.617082,2392.78947,1.651507345,8.037626381,0,0,0.5758382
OC473,2011,8,15,D,7,7,7.07,8,38.5743,-51.7648,227.504201,1206.049,86,495.1,22.4,51.6,25.45766418,36.33515672,50,25,817,25.44730769,36.4019,0.142684615,0.142684615,193.9323077,547.7307692,2042.07509,2374.463613,2.023600468,8.072486029,0.03611762,0,0.87075509
OC473,2011,8,15,D,7,8,7.08,8,38.5762,-51.7559,227.510428,1215.016,34,245.2,1.9,22,26.18987143,36.07475714,25,0,817,26.26245,36.14410455,0.056036364,0.056036364,195.1679091,1431.590909,2029.490774,2374.708101,2.075523042,8.087439161,0.024078413,0,0.665986405
OC473,2011,8,15,D,7,9,7.09,8,38.5747,-51.754,227.513681,1219.701,3,23.5,2.2,2.9,26.30283333,36.10333333,0,0,817,26.1694,36.2337,0.0617,0.0617,196.714,1E-12,2029.523623,2377.106802,1.960253132,8.086925025,0,0,0.630830838
OC473,2011,8,17,N,8,0,8,13,40.8834,-51.9873,229.952384,2251.433,440,2918.6,1.6,1014.2,14.19931841,35.78627162,1000,0,1324,13.13398596,35.77952106,0.067755767,0.067755767,185.9117803,1E-12,2113.361216,2369.344931,5.314419776,7.922580008,0.278656035,7.620671178,0.417158795
OC473,2011,8,17,N,8,1,8.01,13,40.854,-52.0264,229.998183,2357.384,115,613.1,895.8,999.4,5.193012121,34.91473333,1000,900,1324,5.471918812,34.97960891,0.021619802,0.021619802,221.1879901,1E-12,2176.317697,2319.19422,14.19985425,7.689440986,1.031348423,21.32279961,0.918049528
OC473,2011,8,17,N,8,2,8.02,13,40.8494,-52.031,230.005868,8.4,272,1300.2,600.8,895.5,8.013967836,35.08561696,900,600,1324,8.266590033,35.13582425,0.022753821,0.022753821,164.7648638,1E-12,2176.395747,2328.511472,13.26531378,7.712603889,1.011885219,21.61495268,0.607146191
OC473,2011,8,17,N,8,3,8.03,13,40.84,-52.0433,230.021748,31.32,273,1358.2,399.4,600.3,13.45533429,35.68424207,600,400,1324,13.8978194,35.80928209,0.013748259,0.013748259,180.1313284,1E-12,2144.073332,2347.511518,7.876373839,7.831338788,0.54802218,14.11355512,0.636208672
OC473,2011,8,17,N,8,4,8.04,13,40.8307,-52.0546,230.03787,54.53,238,1151.2,200.7,398.6,17.24458621,36.39942759,400,200,1324,17.26620945,36.43863532,0.014469652,0.014469652,196.3260995,1E-12,2117.028388,2378.812993,3.90101806,7.944277856,0.122542028,6.474517161,0.344959394
OC473,2011,8,17,N,8,5,8.05,13,40.8232,-52.0647,230.051354,113.95,105,507.4,101.1,200.4,18.09211628,36.5214186,200,100,1324,18.10138119,36.5551396,0.089739604,0.089739604,194.7505347,1E-12,2106.793883,2395.220078,2.798582666,7.983017588,0.088150891,3.6825931,0.268185724
OC473,2011,8,17,N,8,6,8.06,13,40.8201,-52.0694,230.05735,122.58,74,365.3,51.2,100.5,19.19776596,36.5515,100,50,1324,19.33464314,36.59834314,0.738633333,0.738633333,185.5887451,1E-12,2100.888764,2399.75143,2.53118011,7.993064905,0.017864312,2.19271624,0.234856204
OC473,2011,8,17,N,8,7,8.07,13,40.8179,-52.0729,230.061713,128.87,48,253.6,26.4,50.6,21.13315385,36.42947692,50,25,1324,21.85969615,36.31606154,0.193615385,0.193615385,209.5399231,1E-12,2062.472908,2383.660953,2.073611529,8.037077379,0,0.073405376,0.288191491
OC473,2011,8,17,N,8,8,8.08,13,40.8163,-52.0755,230.064734,133.22,58,347.8,5.6,26.4,23.57164211,35.92670526,25,0,1324,23.64956818,35.95665455,0.088268182,0.088268182,205.0877727,1E-12,2031.985309,2358.0347,1.741837544,8.058671939,0,0,0.256455221
OC473,2011,8,17,N,8,9,8.09,13,40.8147,-52.0794,230.069144,139.57,11,81.9,2.3,6.5,23.93972222,35.87161111,0,0,1324,26.1694,36.2337,0.0617,0.0617,196.714,1E-12,2029.58241,2354.606936,1.648964786,8.05838789,0,0,0.060253649
OC473,2011,8,18,D,9,0,9,13,40.9291,-52.0703,230.218843,515.134,432,3019.5,1.7,1009.5,13.78727615,35.69537606,1000,0,1323,12.65664493,35.703966,0.055924173,0.055924173,188.2754183,1E-12,2113.361216,2369.344931,5.314419776,7.922580008,0.278656035,7.620671178,0.417158795
OC473,2011,8,18,D,9,1,9.01,13,40.9543,-52.0392,230.26816,626.15,165,900.1,801.5,1001.3,5.659116466,34.96426908,1000,800,1323,5.820341791,35.02813632,0.018205473,0.018205473,209.8293035,1E-12,2171.720115,2319.19422,14.19985425,7.689440986,1.031348423,21.32279961,0.918049528
OC473,2011,8,18,D,9,2,9.02,13,40.9615,-52.0329,230.279734,642.817,246,1152,601.2,801.3,8.534077441,35.10223569,800,600,1323,8.424180597,35.15032139,0.020082587,0.020082587,158.5811045,1E-12,2176.395747,2328.511472,13.26531378,7.712603889,1.011885219,21.61495268,0.607146191
OC473,2011,8,18,D,9,3,9.03,13,40.9715,-52.024,230.29353,702.683,308,1263.9,401.6,600.7,13.1242044,35.64925157,600,400,1323,12.91928209,35.65576866,0.012566667,0.012566667,181.7124975,1E-12,2144.073332,2347.511518,7.876373839,7.831338788,0.54802218,14.11355512,0.636208672
OC473,2011,8,18,D,9,4,9.04,13,40.9827,-52.0147,230.30831,723.966,322,1196.2,201.5,400.9,16.73517532,36.29700649,400,200,1323,16.47139154,36.27185672,0.00921194,0.00921194,192.7367512,1E-12,2117.028388,2378.812993,3.90101806,7.944277856,0.122542028,6.474517161,0.344959394
OC473,2011,8,18,D,9,5,9.05,13,40.9935,-52.0055,230.322616,744.567,232,944.7,102.2,200.7,18.01936626,36.51972428,200,100,1323,18.21247723,36.58466535,0.092556436,0.092556436,198.0594356,1E-12,2106.793883,2395.220078,2.798582666,7.983017588,0.088150891,3.6825931,0.268185724
OC473,2011,8,18,D,9,6,9.06,13,41.0009,-52.0001,230.333912,800.833,82,380.8,51.9,102.2,19.30162245,36.59387755,100,50,1323,19.59870196,36.63171373,0.554,0.554,191.8875686,1E-12,2100.888764,2399.75143,2.53118011,7.993064905,0.017864312,2.19271624,0.234856204
OC473,2011,8,18,D,9,7,9.07,13,41.0035,-51.9981,230.338461,807.384,60,306.7,26.3,52.2,21.52245122,36.24702439,50,25,1323,22.90952308,36.01575385,0.1832,0.1832,208.1585,1E-12,2062.472908,2383.660953,2.073611529,8.037077379,0,0.073405376,0.288191491
OC473,2011,8,18,D,9,8,9.08,13,41.0057,-51.9963,230.342269,812.867,47,293,0.7,25.8,23.89391358,35.66525926,25,0,1323,23.96646364,35.70949545,0.094109091,0.094109091,205.9632727,1E-12,2031.985309,2358.0347,1.741837544,8.058671939,0,0,0.256455221
OC473,2011,8,18,D,9,9,9.09,13,41.008,-51.9943,230.34603,818.283,4,27.2,0.6,1.1,24.19633333,35.51633333,0,0,1323,26.1694,36.2337,0.0617,0.0617,196.714,1E-12,2029.58241,2354.606936,1.648964786,8.05838789,0,0,0.060253649
OC473,2011,8,19,N,10,0,10,17,42.9874,-47.7762,231.87125,2054.6,429,2980.5,1.7,1006.3,5.38346493,34.59407816,1000,0,1730,4.342034203,34.62404213,0.132193982,0.132193982,263.3007623,1E-12,2120.515561,2284.353509,9.149386997,7.743370402,0.607538253,11.85009717,1.008034361
OC473,2011,8,19,N,10,1,10.01,17,43.0242,-47.7695,231.917627,2201.383,230,1099.1,800.1,995,4.085705882,34.88705536,1000,800,1730,4.102893532,34.92311592,0.022529353,0.022529353,263.955801,1E-12,2138.193726,2309.223768,12.66756837,7.716781346,0.748626573,19.00018215,0.702558212
OC473,2011,8,19,N,10,2,10.02,17,43.0349,-47.7571,231.931053,2220.716,258,1116.5,599.9,799.5,4.443216783,34.91901399,800,600,1730,4.465378607,34.95089254,0.020426866,0.020426866,257.0951343,1E-12,2137.481878,2311.771019,11.66202798,7.716170395,0.778892351,16.36801842,0.522338356
OC473,2011,8,19,N,10,3,10.03,17,43.0449,-47.7449,231.94434,2239.85,272,1159.8,387.3,599.2,4.784758503,34.90896259,600,400,1730,4.75961791,34.94316318,0.023500995,0.023500995,253.8291343,1E-12,2149.464997,2309.838989,11.90084048,7.711802032,0.791305147,16.34996018,1.047488538
OC473,2011,8,19,N,10,4,10.04,17,43.0569,-47.7317,231.957998,2259.517,293,1240.5,201.6,387,4.678522293,34.73565924,400,200,1730,4.728528358,34.75584478,0.027173134,0.027173134,244.5697761,1E-12,2150.953294,2301.794812,12.21733566,7.691228249,0.79876916,15.72793473,1.268476754
OC473,2011,8,19,N,10,5,10.05,17,43.0715,-47.7175,231.972593,2320.534,133,608.1,101.9,201.4,2.587292208,34.10637662,200,100,1730,2.906686139,34.05959406,0.06459604,0.06459604,282.8308713,1E-12,2138.714677,2286.553329,8.939053928,7.728382034,0.620527824,11.03397019,0.872069368
OC473,2011,8,19,N,10,6,10.06,17,43.0793,-47.7101,231.979745,2330.833,74,382.5,48.5,102.3,2.13540404,33.49413131,100,50,1730,1.328554902,33.3227098,0.379705882,0.379705882,315.9536863,1E-12,2119.126954,2278.648463,6.519360678,7.764184523,0.50476169,7.947297263,1.043980702
OC473,2011,8,19,N,10,7,10.07,17,43.0845,-47.7048,231.984352,2337.467,35,185.7,24.2,47.7,3.70178,32.7328,50,25,1730,2.967280769,32.85846538,2.729769231,2.729769231,335.9924231,1E-12,2063.322069,2228.497392,3.76371444,7.797063891,0.242782773,2.578727183,1.318867544
OC473,2011,8,19,N,10,8,10.08,17,43.0872,-47.7022,231.986667,2340.8,73,397.2,-1.8,24.3,13.19815094,32.14862264,25,0,1730,13.24667273,32.31582727,0.904909091,0.904909091,278.9251364,1E-12,1989.984708,2202.485313,1.470257665,7.908477578,0.087011715,0,1.198889474
OC473,2011,8,19,N,10,9,10.09,17,43.0925,-47.696,231.991597,2347.9,3,23.7,-1.8,-1,17.48257143,32.04757143,0,0,1730,26.1694,36.2337,0.0617,0.0617,196.714,1E-12,1956.5894,2183.624214,1.321767019,7.931919674,0.120309115,0,0.958042105
OC473,2011,8,20,D,11,0,11,17,43.1032,-47.6398,232.210926,503.733,191,1476.4,1.6,1011.5,5.723422374,34.58556279,1000,0,1731,4.391943531,34.64018445,0.146907723,0.146907723,262.5272578,1E-12,2120.515561,2284.353509,9.149386997,7.743370402,0.607538253,11.85009717,1.008034361
OC473,2011,8,20,D,11,1,11.01,17,43.0904,-47.6117,232.251632,602.35,162,1043.5,800.3,999,4.193780255,34.89206051,1000,800,1731,4.179300995,34.92954179,0.020857711,0.020857711,262.8533433,1E-12,2138.193726,2309.223768,12.66756837,7.716781346,0.748626573,19.00018215,0.702558212
OC473,2011,8,20,D,11,2,11.02,17,43.0862,-47.6027,232.266215,623.35,156,923.6,598.4,799.8,4.557531599,34.91868401,800,600,1731,4.483542786,34.94858458,0.022518408,0.022518408,257.1763383,1E-12,2137.481878,2311.771019,11.66202798,7.716170395,0.778892351,16.36801842,0.522338356
OC473,2011,8,20,D,11,3,11.03,17,43.0821,-47.5952,232.278715,641.35,178,1064.4,400,598,5.095270627,34.93483828,600,400,1731,4.847639801,34.95254129,0.022849254,0.022849254,250.4928706,1E-12,2149.464997,2309.838989,11.90084048,7.711802032,0.791305147,16.34996018,1.047488538
OC473,2011,8,20,D,11,4,11.04,17,43.0775,-47.5876,232.292789,701.616,187,1006,200.8,399.4,5.240970696,34.64723443,400,200,1731,4.809081592,34.78714328,0.031018905,0.031018905,243.5870647,1E-12,2150.953294,2301.794812,12.21733566,7.691228249,0.79876916,15.72793473,1.268476754
OC473,2011,8,20,D,11,5,11.05,17,43.073,-47.5802,232.305475,719.884,119,602,101.6,200.2,11.68123718,35.40223718,200,100,1731,2.575909901,34.0972505,0.047792079,0.047792079,287.248396,1E-12,2138.714677,2286.553329,8.939053928,7.728382034,0.620527824,11.03397019,0.872069368
OC473,2011,8,20,D,11,6,11.06,17,43.0703,-47.5756,232.312731,730.333,93,459.5,50.8,101,12.60967521,35.37341026,100,50,1731,1.741441176,33.45000588,0.351319608,0.351319608,314.0014314,1E-12,2119.126954,2278.648463,6.519360678,7.764184523,0.50476169,7.947297263,1.043980702
OC473,2011,8,20,D,11,7,11.07,17,43.0678,-47.5723,232.31816,738.15,72,373,26,51.1,9.106867347,33.96512245,50,25,1731,4.114942308,32.77681923,3.28755,3.28755,331.4530769,1E-12,2063.322069,2228.497392,3.76371444,7.797063891,0.242782773,2.578727183,1.318867544
OC473,2011,8,20,D,11,8,11.08,17,43.0658,-47.5696,232.32272,744.717,93,524.4,-1.3,26.2,16.78493617,32.85368085,25,0,1731,12.21505,32.25138636,0.980945455,0.980945455,283.9613636,1E-12,1989.984708,2202.485313,1.470257665,7.908477578,0.087011715,0,1.198889474
OC473,2011,8,20,D,11,9,11.09,17,43.0635,-47.5673,232.329271,754.15,4,31,-0.8,0.3,19.95116667,32.5355,0,0,1731,26.1694,36.2337,0.0617,0.0617,196.714,1E-12,1956.5894,2183.624214,1.321767019,7.931919674,0.120309115,0,0.958042105
OC473,2011,8,21,N,12,0,12,21,44.9322,-41.9958,233.877211,2103.184,276,2054.2,12,1007.4,9.982048588,35.26146667,1000,0,2136,9.702727583,35.26433942,0.079331394,0.079331394,204.1725196,1E-12,2128.734795,2336.557505,6.988781103,7.844123071,0.45484712,10.31131057,0
OC473,2011,8,21,N,12,1,12.01,21,44.9051,-41.9655,233.918322,2202.384,219,1214.9,799.9,1000.8,5.253570175,34.96569006,1000,800,2136,5.070397015,34.98938259,0.019482587,0.019482587,237.7638109,1E-12,2165.798091,2312.718802,12.14276499,7.711343471,0.797703416,16.84018255,0
OC473,2011,8,21,N,12,2,12.02,21,44.8964,-41.9557,233.934213,2225.267,209,1109.4,601.2,798.6,6.754782895,35.01955921,800,600,2136,6.28869204,35.03331791,0.01998408,0.01998408,203.0000846,1E-12,2177.994977,2313.383402,13.35408668,7.698172722,0.932111814,18.55058196,0
OC473,2011,8,21,N,12,3,12.03,21,44.8877,-41.9471,233.948345,2245.617,200,1098.9,401.1,600,8.833456954,35.03629139,600,400,2136,8.720725871,35.12076766,0.021979104,0.021979104,175.9216517,1E-12,2168.09226,2316.037829,11.64726236,7.723671305,0.848085022,17.36869898,0
OC473,2011,8,21,N,12,4,12.04,21,44.8785,-41.9389,233.962373,2305.817,240,1330.2,202.4,399.8,12.88904494,35.57928371,400,200,2136,12.48620647,35.54971393,0.017671144,0.017671144,191.7113731,1E-12,2142.030221,2343.952647,6.673490145,7.837677775,0.459287792,11.041591,0
OC473,2011,8,21,N,12,5,12.05,21,44.8677,-41.9308,233.978912,2329.633,99,586.2,102.7,202.5,14.66604403,35.86925786,200,100,2136,14.2625099,35.80640693,0.092294059,0.092294059,205.9693663,1E-12,2128.551094,2357.544441,4.81293727,7.89227177,0.219384218,7.853002966,0
OC473,2011,8,21,N,12,6,12.06,21,44.8629,-41.9273,233.986296,2340.266,64,391.4,51.1,102.4,16.08798148,36.01265741,100,50,2136,16.0784451,35.98402745,0.724388235,0.724388235,209.2668824,1E-12,2116.690288,2366.373747,3.076810343,7.928516554,0.13551294,4.636729988,0
OC473,2011,8,21,N,12,7,12.07,21,44.8595,-41.9249,233.991319,2347.499,38,243.3,24.6,49.9,18.98042029,35.88843478,50,25,2136,18.02967692,35.14166154,0.557153846,0.557153846,244.7841923,1E-12,2054.005966,2336.650589,2.284698529,7.995220244,0.113959714,0.735954698,0
OC473,2011,8,21,N,12,8,12.08,21,44.8574,-41.9234,233.994525,2352.116,46,287.3,0.4,24.5,22.3612125,34.79045,25,0,2136,22.22440455,34.59324545,0.184740909,0.184740909,212.7458182,1E-12,2011.411417,2310.519151,2.150998454,8.032463751,0.112230968,0.495143739,0
OC473,2011,8,21,N,12,9,12.09,21,44.855,-41.922,233.998241,2357.467,3,20.6,0.4,1.7,22.4622,34.72,0,0,2136,26.1694,36.2337,0.0617,0.0617,196.714,1E-12,2009.065331,2309.962278,1.573274351,8.033822119,0.118340269,0,0
OC473,2011,8,22,D,13,0,13,21,45.0127,-42.0055,234.210069,502.499,541,3643.3,2.3,1007.9,10.29177217,35.17967217,1000,0,2136,9.702727583,35.26433942,0.079331394,0.079331394,204.1725196,1E-12,2128.734795,2336.557505,6.988781103,7.844123071,0.45484712,10.31131057,0
OC473,2011,8,22,D,13,1,13.01,21,45.0251,-41.9384,234.263507,619.45,310,1507.2,808.4,1002,5.031941026,34.94925897,1000,800,2136,5.070397015,34.98938259,0.019482587,0.019482587,237.7638109,1E-12,2165.798091,2312.718802,12.14276499,7.711343471,0.797703416,16.84018255,0
OC473,2011,8,22,D,13,2,13.02,21,45.0215,-41.916,234.28162,645.533,222,1030.2,600.7,807.8,6.304170455,34.9929053,800,600,2136,6.28869204,35.03331791,0.01998408,0.01998408,203.0000846,1E-12,2177.994977,2313.383402,13.35408668,7.698172722,0.932111814,18.55058196,0
OC473,2011,8,22,D,13,3,13.03,21,45.0182,-41.9008,234.293889,703.2,248,1201.1,401.6,599.6,8.630587662,35.07289286,600,400,2136,8.720725871,35.12076766,0.021979104,0.021979104,175.9216517,1E-12,2168.09226,2316.037829,11.64726236,7.723671305,0.848085022,17.36869898,0
OC473,2011,8,22,D,13,4,13.04,21,45.0141,-41.8819,234.308206,723.817,230,1132.2,201,400.7,12.17901375,35.47576976,400,200,2136,12.48620647,35.54971393,0.017671144,0.017671144,191.7113731,1E-12,2142.030221,2343.952647,6.673490145,7.837677775,0.459287792,11.041591,0
OC473,2011,8,22,D,13,5,13.05,21,45.0106,-41.8634,234.321725,743.284,123,618.5,101.1,200.6,14.06205063,35.7576962,200,100,2136,14.2625099,35.80640693,0.092294059,0.092294059,205.9693663,1E-12,2128.551094,2357.544441,4.81293727,7.89227177,0.219384218,7.853002966,0
OC473,2011,8,22,D,13,6,13.06,21,45.0084,-41.8529,234.329063,753.851,86,441.1,51.7,100.8,15.70570175,36.00492982,100,50,2136,16.0784451,35.98402745,0.724388235,0.724388235,209.2668824,1E-12,2116.690288,2366.373747,3.076810343,7.928516554,0.13551294,4.636729988,0
OC473,2011,8,22,D,13,7,13.07,21,45.0066,-41.8452,234.334363,801.483,85,451.5,26,51.6,17.30728696,35.27084348,50,25,2136,18.02967692,35.14166154,0.557153846,0.557153846,244.7841923,1E-12,2054.005966,2336.650589,2.284698529,7.995220244,0.113959714,0.735954698,0
OC473,2011,8,22,D,13,8,13.08,21,45.0047,-41.8374,234.339699,809.167,95,522.8,0.1,25.8,21.64193431,34.40946715,25,0,2136,22.22440455,34.59324545,0.184740909,0.184740909,212.7458182,1E-12,2011.411417,2310.519151,2.150998454,8.032463751,0.112230968,0.495143739,0
OC473,2011,8,22,D,13,9,13.09,21,45.0019,-41.829,234.346076,818.349,4,30,0.5,2.1,21.903375,34.37975,0,0,2136,26.1694,36.2337,0.0617,0.0617,196.714,1E-12,2009.065331,2309.962278,1.573274351,8.033822119,0.118340269,0,0
OC473,2011,8,22,D,14,0,14,26,47.5121,-42.0298,235.358634,836.433,304,2354.3,11.2,1012.9,8.715157464,35.22201227,1000,0,2642,9.206498395,35.27236349,0.074250451,0.074250451,224.5165356,4.749426857,2124.866686,2327.452493,6.393544751,7.842876822,0.44727367,9.918708328,0.027672343
OC473,2011,8,22,D,14,1,14.01,26,47.5372,-42.0224,235.404919,943.083,178,1024.1,801.7,997.5,4.837716312,34.91955674,1000,800,2642,4.819778607,34.95513234,0.022732836,0.022732836,247.5551244,1E-12,2164.381197,2306.723421,11.40943969,7.71472615,0.963012294,16.57913719,0
OC473,2011,8,22,D,14,2,14.02,26,47.5441,-42.0191,235.418021,1001.95,216,1122.9,601.1,801.3,6.245405316,34.941701,800,600,2642,6.147050249,34.9769194,0.023868657,0.023868657,206.9521542,1E-12,2176.705906,2307.040088,12.60142306,7.697353509,0.984844891,18.09729157,0
OC473,2011,8,22,D,14,3,14.03,26,47.5512,-42.0154,235.432014,1022.1,240,1234.3,400.6,600.8,10.18135032,35.26834713,600,400,2642,9.833979602,35.26293532,0.016448259,0.016448259,205.0800647,1E-12,2153.598013,2324.239094,9.002813623,7.781656913,0.665485944,14.3851675,0.147585831
OC473,2011,8,22,D,14,4,14.04,26,47.5583,-42.013,235.446597,1043.1,233,1138.4,201.1,399.8,12.0783391,35.57652249,400,200,2642,12.06075771,35.60580249,0.009994527,0.009994527,233.8386667,0.006727248,2127.400381,2338.58115,5.509652721,7.862006184,0.344625264,9.278250738,0
OC473,2011,8,22,D,14,5,14.05,26,47.5652,-42.0091,235.460035,1102.45,143,674.7,102.2,199.7,12.40931073,35.60911299,200,100,2642,12.43568317,35.65169307,0.015850495,0.015850495,231.4935941,0.627171287,2126.788491,2340.128865,4.964063538,7.862389797,0.331129741,9.308387357,0
OC473,2011,8,22,D,14,6,14.06,26,47.5699,-42.0067,235.468252,1114.283,92,468.5,49.6,101.9,12.86101667,35.598225,100,50,2642,12.77792745,35.6282451,0.207590196,0.207590196,219.7013333,6.001176471,2105.487852,2341.35067,3.661036346,7.907970202,0.194525074,6.017229072,0
OC473,2011,8,22,D,14,7,14.07,26,47.5727,-42.0051,235.473831,1122.317,67,361.5,26,49.2,14.95615464,35.49680412,50,25,2642,14.34372308,35.58884615,1.411615385,1.411615385,232.2975385,34.8,2058.60888,2325.395569,1.848570696,7.980367956,0,0.641609979,0
OC473,2011,8,22,D,14,8,14.08,26,47.5753,-42.0031,235.478333,1128.8,87,540,0.1,26.3,16.70522449,35.03863946,25,0,2642,16.88344545,35.01340909,0.595009091,0.595009091,236.7113636,161.3045455,2040.283391,2309.381129,1.60590048,7.986202301,0,0,0
OC473,2011,8,22,D,14,9,14.09,26,47.5764,-41.9995,235.485162,1138.633,3,21.7,0.2,1.1,17.46483333,34.81016667,0,0,2642,26.1694,36.2337,0.0617,0.0617,196.714,1E-12,2038.633675,2306.477395,1.760155461,7.981652258,0,0,0
OC473,2011,8,23,N,15,0,15,26,47.4902,-41.986,235.800868,1913.25,284,2076.4,0.8,1011.5,8.890234555,35.12637592,1000,0,2642,9.206498395,35.27236349,0.074250451,0.074250451,224.5165356,4.749426857,2124.866686,2327.452493,6.393544751,7.842876822,0.44727367,9.918708328,0.027672343
OC473,2011,8,23,N,15,1,15.01,26,47.463,-41.9651,235.845266,2017.183,178,983.3,800.4,1001.3,4.680938182,34.91330909,1000,800,2642,4.819778607,34.95513234,0.022732836,0.022732836,247.5551244,1E-12,2164.381197,2306.723421,11.40943969,7.71472615,0.963012294,16.57913719,0
OC473,2011,8,23,N,15,2,15.02,26,47.4518,-41.9648,235.858044,2035.583,223,1139.2,601.2,799.9,5.401940984,34.88108852,800,600,2642,6.147050249,34.9769194,0.023868657,0.023868657,206.9521542,1E-12,2176.705906,2307.040088,12.60142306,7.697353509,0.984844891,18.09729157,0
OC473,2011,8,23,N,15,3,15.03,26,47.4393,-41.9651,235.872211,2055.984,225,1135.8,400.5,600.2,8.226085246,35.0195082,600,400,2642,9.833979602,35.26293532,0.016448259,0.016448259,205.0800647,1E-12,2153.598013,2324.239094,9.002813623,7.781656913,0.665485944,14.3851675,0.147585831
OC473,2011,8,23,N,15,4,15.04,26,47.4267,-41.9661,235.886389,2116.4,185,980.4,201.6,399.7,11.26013127,35.41274517,400,200,2642,12.06075771,35.60580249,0.009994527,0.009994527,233.8386667,0.006727248,2127.400381,2338.58115,5.509652721,7.862006184,0.344625264,9.278250738,0
OC473,2011,8,23,N,15,5,15.05,26,47.4154,-41.9667,235.898426,2133.733,112,621.3,100.2,201.3,12.03137423,35.42688957,200,100,2642,12.43568317,35.65169307,0.015850495,0.015850495,231.4935941,0.627171287,2126.788491,2340.128865,4.964063538,7.862389797,0.331129741,9.308387357,0
OC473,2011,8,23,N,15,6,15.06,26,47.4078,-41.9675,235.905995,2144.633,56,304.6,50.2,100.1,12.77546835,35.44726582,100,50,2642,12.77792745,35.6282451,0.207590196,0.207590196,219.7013333,6.001176471,2105.487852,2341.35067,3.661036346,7.907970202,0.194525074,6.017229072,0
OC473,2011,8,23,N,15,7,15.07,26,47.4044,-41.9675,235.909664,2149.916,36,190.6,25.6,49.6,14.08833333,34.94623529,50,25,2642,14.34372308,35.58884615,1.411615385,1.411615385,232.2975385,34.8,2058.60888,2325.395569,1.848570696,7.980367956,0,0.641609979,0
OC473,2011,8,23,N,15,8,15.08,26,47.402,-41.9678,235.912037,2153.333,60,333.5,1,25.4,15.9556092,34.83624138,25,0,2642,16.88344545,35.01340909,0.595009091,0.595009091,236.7113636,161.3045455,2040.283391,2309.381129,1.60590048,7.986202301,0,0,0
OC473,2011,8,23,N,15,9,15.09,26,47.3981,-41.9677,235.916076,2159.149,4,23.8,-0.3,0.6,16.40857143,34.82,0,0,2642,26.1694,36.2337,0.0617,0.0617,196.714,1E-12,2038.633675,2306.477395,1.760155461,7.981652258,0,0,0
OC473,2011,8,25,N,16,0,16,31,49.9927,-41.9898,236.960116,2302.567,151,864.9,0.7,1012.3,6.531331157,34.62066698,1000,0,3048,8.469732497,35.2117007,0.06814333,0.06814333,221.4825386,0.068998753,2126.17032,2317.564233,7.210059822,7.823444208,0.499553616,10.89971178,0.614167295
OC473,2011,8,25,N,16,1,16.01,31,50.0246,-41.9105,237.012824,18.47,285,1241.6,801.4,1000.7,4.250246057,34.88992744,1000,800,3048,4.58878607,34.95492637,0.02110995,0.02110995,251.3388955,1E-12,2158.021133,2300.885803,11.96672183,7.721919877,0.818581725,16.86282616,1.083939111
OC473,2011,8,25,N,16,2,16.02,31,50.0327,-41.8893,237.027558,39.68,246,992.9,600.8,800.4,4.725333333,34.91743254,800,600,3048,5.320513433,34.97912537,0.023838806,0.023838806,229.6237761,1E-12,2163.109382,2302.267669,12.71241143,7.713774465,0.929816236,17.66253726,0.81781941
OC473,2011,8,25,N,16,3,16.03,31,50.0379,-41.8703,237.039259,56.53,365,1510.8,400.5,600.4,5.776568063,34.89412304,600,400,3048,7.538709453,35.04149055,0.026649751,0.026649751,187.1615124,1E-12,2168.85158,2301.328313,12.94805697,7.695878378,0.970952023,18.30995492,0.804035026
OC473,2011,8,25,N,16,4,16.04,31,50.0476,-41.8425,237.057014,122.1,239,1122.9,199.9,400.4,9.403164286,35.14590357,400,200,3048,11.30432189,35.46500398,0.020016915,0.020016915,218.9921542,1E-12,2143.999726,2318.387578,8.649940904,7.791524883,0.66776779,13.69959768,0.921121207
OC473,2011,8,25,N,16,5,16.05,31,50.0532,-41.8216,237.070023,140.83,121,629.3,101.5,199.6,11.83470701,35.39881529,200,100,3048,12.63062277,35.62577228,0.021869307,0.021869307,217.5521089,0.000138679,2128.306225,2336.030445,5.423769425,7.855397352,0.34189367,9.909118232,0.545861617
OC473,2011,8,25,N,16,6,16.06,31,50.0564,-41.8101,237.077315,151.33,55,318.5,51.4,100.3,11.6943012,35.20824096,100,50,3048,13.7541902,35.7755902,0.187072549,0.187072549,214.1588627,0.064422549,2127.869767,2346.347466,4.632203438,7.88052137,0.296424127,8.573773639,0.16995335
OC473,2011,8,25,N,16,7,16.07,31,50.058,-41.8042,237.081169,156.88,29,188.5,25.8,50.9,12.40624528,35.16011321,50,25,3048,14.79506538,35.83843077,1.212915385,1.212915385,227.8073077,0.523730769,2121.455381,2349.458379,4.026706634,7.894041592,0.268471138,7.085426886,0.136708658
OC473,2011,8,25,N,16,8,16.08,31,50.059,-41.8007,237.083634,200.43,39,269.6,0.2,25.7,16.41669231,34.45039744,25,0,3048,17.25645455,35.03387727,0.371959091,0.371959091,238.2057273,2.418636364,2054.608124,2297.519051,2.31355456,7.93730629,0.119747797,2.072514969,0.48229128
OC473,2011,8,25,N,16,9,16.09,31,50.0603,-41.7953,237.087257,205.65,5,39.1,0.1,1.2,15.9156,32.4632,0,0,3048,26.1694,36.2337,0.0617,0.0617,196.714,1E-12,1991.888822,2213.123552,1.598169742,7.933958998,0.078850788,0,0.871821762
OC473,2011,8,25,D,17,0,17,31,50.0912,-41.7312,237.331551,757.433,239,1777.9,5.1,1013.2,8.552481441,35.07721834,1000,0,3151,8.060772317,35.12122879,0.08712006,0.08712006,224.9930752,3.018874725,2126.17032,2317.564233,7.210059822,7.823444208,0.499553616,10.89971178,0.614167295
OC473,2011,8,25,D,17,1,17.01,31,50.081,-41.7227,237.374109,858.717,88,605.3,798.3,1000.4,4.537909605,34.92016949,1000,800,3151,4.588768159,34.95841791,0.021597015,0.021597015,251.2437114,1E-12,2158.021133,2300.885803,11.96672183,7.721919877,0.818581725,16.86282616,1.083939111
OC473,2011,8,25,D,17,2,17.02,31,50.0769,-41.7228,237.382338,910.567,171,1056.4,600.5,797.1,5.198604167,34.93177431,800,600,3151,5.128650746,34.97022637,0.023509453,0.023509453,235.8334229,1E-12,2163.109382,2302.267669,12.71241143,7.713774465,0.929816236,17.66253726,0.81781941
OC473,2011,8,25,D,17,3,17.03,31,50.0712,-41.7238,237.395718,929.834,241,1207.7,401,599.5,6.857224026,34.94131494,600,400,3151,6.497559204,34.94946567,0.025911443,0.025911443,201.6704129,1E-12,2168.85158,2301.328313,12.94805697,7.695878378,0.970952023,18.30995492,0.804035026
OC473,2011,8,25,D,17,4,17.04,31,50.0661,-41.7243,237.410023,950.433,334,1596.1,200.7,400.7,10.81993367,35.3615051,400,200,3151,10.80285771,35.39201244,0.018456219,0.018456219,210.0227562,0.001921994,2143.999726,2318.387578,8.649940904,7.791524883,0.66776779,13.69959768,0.921121207
OC473,2011,8,25,D,17,5,17.05,31,50.0617,-41.7242,237.428241,1016.667,183,915.1,101.1,199.7,12.50912217,35.55428507,200,100,3151,12.43206337,35.5815604,0.024414851,0.024414851,216.9839604,0.325148317,2128.306225,2336.030445,5.423769425,7.855397352,0.34189367,9.909118232,0.545861617
OC473,2011,8,25,D,17,6,17.06,31,50.0601,-41.7253,237.438507,1031.45,97,514.6,50.5,100.5,13.59393548,35.69285484,100,50,3151,14.13778824,35.83759412,0.313007843,0.313007843,215.8725686,4.159411765,2127.869767,2346.347466,4.632203438,7.88052137,0.296424127,8.573773639,0.16995335
OC473,2011,8,25,D,17,7,17.07,31,50.0604,-41.7278,237.444271,1039.75,71,389.5,26.2,51,14.80352128,35.63659574,50,25,3151,13.86369615,35.11732308,1.692207692,1.692207692,254.6345385,22.72230769,2121.455381,2349.458379,4.026706634,7.894041592,0.268471138,7.085426886,0.136708658
OC473,2011,8,25,D,17,8,17.08,31,50.0634,-41.7307,237.448634,1046.033,88,522.8,0.6,26.3,16.04918462,34.23699231,25,0,3151,15.50430455,33.34113182,0.382618182,0.382618182,260.406,101.7863636,2054.608124,2297.519051,2.31355456,7.93730629,0.119747797,2.072514969,0.48229128
OC473,2011,8,25,D,17,9,17.09,31,50.0704,-41.7311,237.454676,1054.733,7,47.3,0.7,1.9,16.62977778,32.74566667,0,0,3151,26.1694,36.2337,0.0617,0.0617,196.714,1E-12,1991.888822,2213.123552,1.598169742,7.933958998,0.078850788,0,0.871821762
OC473,2011,8,26,N,18,0,18,32,49.1102,-44.2784,238.02,28.8,232,1760.6,3.8,1012,4.842119701,34.70983666,1000,0,2947,8.52690743,35.18643293,0.087798293,0.090032798,220.9817108,3.783945242,2137.037683,2286.55173,9.040920172,7.736374668,0.705794733,13.37407689,0.648879618
OC473,2011,8,26,N,18,1,18.01,32,49.0872,-44.294,238.057269,122.47,140,923.7,798.4,998.4,3.832373134,34.86874254,1000,800,2947,4.610352773,34.94843101,0.020966161,0.032049751,253.4153468,0.018825598,2154.812194,2301.354118,9.964110699,7.717267817,0.76018024,14.7764618,0.97301536
OC473,2011,8,26,N,18,2,18.02,32,49.083,-44.3011,238.069711,140.38,116,677.6,599.8,796.7,4.043467391,34.88198913,800,600,2947,5.423132836,34.96130597,0.023446766,0.023446766,227.7375174,1E-12,2146.975424,2301.728825,9.824552344,7.720214892,0.770845175,15.12609406,1.284380275
OC473,2011,8,26,N,18,3,18.03,32,49.0802,-44.3083,238.078264,152.7,164,895.9,400.7,599.2,4.166762712,34.87711441,600,400,2947,7.863734328,35.02848756,0.024476119,0.024476119,190.3090348,1E-12,2150.495016,2300.574202,10.21271933,7.7233563,0.7825915,15.24279537,1.069668219
OC473,2011,8,26,N,18,4,18.04,32,49.0788,-44.3185,238.089225,208.48,229,1193.9,202.5,399.4,4.524627451,34.87630065,400,200,2947,11.28633234,35.44835622,0.016931841,0.016931841,214.5332736,0.001336125,2153.693128,2297.616136,10.24407911,7.715143844,0.807711174,15.42634065,0.94455466
OC473,2011,8,26,N,18,5,18.05,32,49.0781,-44.3329,238.103449,228.967,126,667.2,102.7,202.4,4.941295858,34.82239053,200,100,2947,12.40339802,35.55822673,0.030279208,0.030279208,212.2208416,0.254519802,2164.827864,2297.689748,10.71067004,7.705240137,0.887703023,16.69585985,0.608718409
OC473,2011,8,26,N,18,6,18.06,32,49.0787,-44.3407,238.111296,240.266,75,415.3,50,101.9,3.685603774,34.46334906,100,50,2947,13.65361373,35.71976667,0.261172549,0.261172549,215.2768431,3.113294118,2144.322218,2276.203245,9.337215444,7.709561064,0.711471303,13.78281935,0.09016609
OC473,2011,8,26,N,18,7,18.07,32,49.0795,-44.3453,238.116227,247.367,58,345.5,25.3,49.1,7.042,33.86774194,50,25,2947,14.85832308,35.73450769,1.788115385,1.788115385,238.0334231,27.70115385,2078.959512,2255.687374,4.753495704,7.815490694,0.300394424,5.744019755,0.126978504
OC473,2011,8,26,N,18,8,18.08,32,49.0816,-44.3471,238.120544,253.583,36,249.3,-0.7,25,12.53476389,33.32704167,25,0,2947,17.13024091,34.93843636,0.478463636,0.478463636,235.5574091,133.5863636,2021.814848,2232.195191,1.838924902,7.897585672,0.063619153,0,0.22428004
OC473,2011,8,26,N,18,9,18.09,32,49.0806,-44.345,238.123889,258.4,1,9.6,-0.1,0.9,12.65285714,33.10714286,0,0,2947,26.1694,36.2337,0.0617,0.0617,196.714,1E-12,2019.293637,2222.452175,1.68999139,7.893051418,0.06874182,0,0.194603072
NH1208,2012,8,11,N,1,0,1,Test_1,45.4318,-127.8646,224.712326,1705.749,714,4895.2,1.2,52.3,10.97306673,32.49576692,50,0,1016,12.6758,32.68434359,1.62174359,1.62174359,279.6658462,369.9564103,,,,,,,
NH1208,2012,8,11,N,1,1,1.01,Test_1,45.4308,-127.8616,224.76081,1815.566,50,365,23.9,48.8,10.282725,32.5172125,50,25,1016,11.1314,32.70083462,1.791076923,1.791076923,290.6631538,193.3961538,,,,,,,
NH1208,2012,8,11,N,1,2,1.02,Test_1,45.4327,-127.8625,224.764525,1820.916,62,417.3,-0.4,24.1,16.29310345,31.97456322,25,0,1016,15.75390714,32.65124286,1.296892857,1.296892857,257.7032143,704.0714286,,,,,,,
NH1208,2012,8,11,N,1,3,1.03,Test_1,45.4347,-127.8636,224.768576,1826.749,2,13.4,-0.7,0.1,16.73775,22.64441667,0,0,1016,15.8335,32.6524,1.3909,1.3909,257.965,893,,,,,,,
NH1208,2012,8,16,N,2,1,2.01,1,49.8658,-149.4268,229.035116,50.57,134,1003.9,0.5,712.3,4.298203101,33.60906822,700,0,102,4.177968006,33.7905462,0.324446915,0.324446915,96.62929842,1.728708752,2206.569231,2261.353846,46.12246154,7.4952,,,
NH1208,2012,8,16,N,2,0,2,1,49.8635,-149.4317,229.03985,57.38,0,0,0.1,0.3,13.04666667,0.461,0,0,102,12.123,32.5225,2.1565,2.1565,279.935,12.3,2020.2,2202.6,8.256,7.8372,,,
NH1208,2012,8,16,D,3,1,3.01,2,49.4958,-149.154,229.384271,913.35,390,2381.2,-4.8,1012.4,4.208469149,33.79264574,1000,0,203,3.938250752,33.91422648,0.237021364,0.237021364,85.40920662,150.0514644,2224.396875,2287.1375,75.4005,7.485,,,
NH1208,2012,8,16,D,3,2,3.02,2,49.4952,-149.1563,229.387477,917.967,4,28.4,-5.5,999.2,5.442176871,26.29005442,1000,0,203,2.980716418,34.35515672,0.157099005,0.157099005,23.21767164,1.963681592,2224.396875,2287.1375,75.4005,7.485,,,
NH1208,2012,8,16,D,3,0,3,2,49.492,-149.1628,229.393356,926.433,105,550,-5.3,800.7,3.565797357,33.36628634,800,0,203,3.350730846,34.27253532,0.165887562,0.165887562,25.96269652,1.885223881,2214.49,2281.066667,70.9328,7.496573333,,,
NH1208,2012,8,16,D,3,3,3.03,2,49.4617,-149.2194,229.457917,1059.4,390,2127,396.3,592.8,3.671191806,34.09923836,600,400,203,3.669750746,34.12894826,0.167676617,0.167676617,32.36256716,1.875273632,2340.166667,2340.566667,111.112,7.2846,,,
NH1208,2012,8,16,D,3,4,3.04,2,49.449,-149.2375,229.482859,1135.317,203,1090.6,194.9,396.6,3.730051095,33.89305839,400,200,203,3.772459701,33.87511443,0.159602488,0.159602488,76.91815423,1.832338308,2297.2,2303.675,91.332,7.310825,,,
NH1208,2012,8,16,D,3,5,3.05,2,49.4429,-149.2469,229.49559,1153.65,160,918.7,96.7,194.5,3.947887931,33.48608621,200,100,203,4.294850495,33.1959901,0.180013861,0.180013861,239.5118416,7.05970297,2168.5,2252.45,51.342,7.566275,,,
NH1208,2012,8,16,D,3,6,3.06,2,49.4375,-149.2549,229.506377,1209.183,63,325.9,46.4,96.2,5.01485,32.706975,100,50,203,5.643729412,32.72252549,0.858419608,0.858419608,312.2449216,116.7882353,2077.6,2214.766667,27.176,7.734533333,,,
NH1208,2012,8,16,D,3,7,3.07,2,49.4356,-149.2577,229.510093,1214.534,35,167.4,23.9,46,6.887,32.61438095,50,25,203,8.093919231,32.61346923,1.257196154,1.257196154,313.7755769,1103,2053.3,2213,24.768,7.7756,,,
NH1208,2012,8,16,D,3,8,3.08,2,49.4345,-149.2591,229.512037,1217.333,98,523.3,-6.5,23.1,10.48396992,32.4877594,25,0,203,11.88411818,32.46445,0.660490909,0.660490909,280.3177273,5261.818182,2034.95,2207.8,19.092,7.8088,,,
NH1208,2012,8,16,D,3,9,3.09,2,49.4313,-149.263,229.518218,1226.234,11,64.2,-6.6,-4.8,12.48633333,32.41444444,0,0,203,26.1694,36.2337,0.0617,0.0617,196.714,1E-12,2025.3,2204.5,14.448,7.825,,,
NH1208,2012,8,31,D,4,0,4,3,48.9956,-148.2275,244.460868,1103.65,178,1223.4,0.9,419.9,5.722992208,33.26298701,420,0,305,4.801609592,33.42381727,0.358429976,0.358429976,170.1432614,132.1822302,2153.865,2244.5,46.956,7.595005,,,
NH1208,2012,8,31,D,5,0,5,3,48.9468,-148.3307,244.651273,1537.833,167,1040.7,1,1007.8,4.650243056,33.76514005,1000,0,306,3.989248947,33.89158736,0.245968104,0.245968104,92.80696088,22.29425276,2222.73,2222.73,2222.73,2222.73,,,
NH1208,2012,8,31,D,5,1,5.01,3,48.9308,-148.3662,244.691609,1635.917,127,724.3,801.8,999.2,3.061245989,34.32227807,1000,800,306,3.060706965,34.34394229,0.158110448,0.158110448,25.17111443,1.843830846,2369.6,2369.6,2369.6,2369.6,,,
NH1208,2012,8,31,D,5,2,5.02,3,48.9284,-148.3756,244.700301,1648.433,194,1108.8,599.5,801.8,3.384651685,34.24746442,800,600,306,3.450485572,34.25100249,0.15719602,0.15719602,28.84683085,1.805522388,2362.233333,2362.233333,2362.233333,2362.233333,,,
NH1208,2012,8,31,D,5,3,5.03,3,48.9319,-148.3884,244.712708,1706.3,214,1155,400.5,597.8,3.740591078,34.07943494,600,400,306,3.757962687,34.0962592,0.155639303,0.155639303,42.50025871,1.746169154,2339.566667,2339.566667,2339.566667,2339.566667,,,
NH1208,2012,8,31,D,5,4,5.04,3,48.9357,-148.4019,244.725208,1724.3,250,1382.7,201.1,399.4,3.826022013,33.85317296,400,200,306,3.858651741,33.85231294,0.150555721,0.150555721,94.60781095,1.589353234,2280.3625,2280.3625,2280.3625,2280.3625,,,
NH1208,2012,8,31,D,5,5,5.05,3,48.9401,-148.4167,244.739977,1745.567,88,530,98.5,199.3,4.164640625,33.26002344,200,100,306,4.232212871,33.14566535,0.178350495,0.178350495,252.4077228,2.11990099,2136.3375,2136.3375,2136.3375,2136.3375,,,
NH1208,2012,8,31,D,5,6,5.06,3,48.9416,-148.4212,244.745926,1754.133,50,304.3,52.3,97.7,5.330069444,32.71491667,100,50,306,5.232476471,32.71492549,0.661639216,0.661639216,310.1046275,17.76039216,2069.4,2069.4,2069.4,2069.4,,,
NH1208,2012,8,31,D,5,7,5.07,3,48.9424,-148.4242,244.749271,1758.95,39,227.8,26.6,51.9,7.855075472,32.58020755,50,25,306,7.626788462,32.64393462,1.552823077,1.552823077,309.7763077,147.9192308,2040.7,2040.7,2040.7,2040.7,,,
NH1208,2012,8,31,D,5,8,5.08,3,48.9433,-148.4263,244.751736,1802.5,43,267.9,-1.5,26.4,12.68113846,32.41601538,25,0,306,12.75118182,32.45173636,1.456954545,1.456954545,269.6580455,738.4545455,2021.15,2021.15,2021.15,2021.15,,,
NH1208,2012,8,31,D,5,9,5.09,3,48.944,-148.4285,244.754757,1806.85,3,18.6,-1.2,-0.5,13.22883333,32.397,0,0,306,26.1694,36.2337,0.0617,0.0617,196.714,1E-12,2020,2020,2020,2020,,,
NH1208,2012,9,1,N,6,0,6,3,48.9128,-148.6815,245.03044,43.83,607,3837.7,0.4,1007.5,4.446257373,33.72933065,1000,0,307,4.0073667,33.88832106,0.316934403,0.316934403,92.40824473,1.736218656,2222.73,2282.593333,74.3728,7.498423333,,,
NH1208,2012,9,1,N,6,1,6.01,3,48.9242,-148.7473,245.082512,158.82,50,272.7,952.4,995.6,2.9392,34.34838571,1000,950,307,2.923629412,34.37277059,0.143762745,0.143762745,24.10301961,1.886862745,2372.4,2384.9,149.64,7.3123,,,
NH1208,2012,9,1,N,6,2,6.02,3,48.925,-148.7511,245.085764,203.5,154,733.9,801.8,952,3.086675258,34.31615979,950,800,307,3.095625166,34.33600861,0.155440397,0.155440397,24.22711258,1.821986755,2369.6,2376.65,142.416,7.31175,,,
NH1208,2012,9,1,N,6,3,6.03,3,48.9273,-148.7617,245.09478,216.48,238,1105,602.4,801.1,3.474086022,34.22076344,800,600,307,3.456551244,34.2479199,0.151502985,0.151502985,27.78014428,1.745721393,2362.233333,2358.1,128.312,7.307,,,
NH1208,2012,9,1,N,6,4,6.04,3,48.9308,-148.779,245.107743,235.15,269,1264.7,373.3,601.9,3.763496855,34.07923585,600,375,307,3.784008407,34.08879159,0.164780973,0.164780973,44.27465487,1.753849558,2339.566667,2332.333333,109.736,7.302533333,,,
NH1208,2012,9,1,N,6,5,6.05,3,48.9341,-148.7973,245.122523,256.433,4,13.7,369.9,372.8,3.7905,33.93525,375,375,307,3.8088,33.9571,0.1566,0.1566,59.444,1.82,2321.4,2317.5,97.008,7.3117,,,
NH1208,2012,9,1,N,6,6,6.06,3,48.9341,-148.7976,245.122708,256.7,247,1214.3,177,368.2,3.790335463,33.80113099,375,175,307,3.878036816,33.80345473,0.151152239,0.151152239,107.3678607,1.654825871,2280.3625,2295.725,79.464,7.3662875,,,
NH1208,2012,9,1,N,6,7,6.07,3,48.9371,-148.8142,245.137245,317.633,41,214.2,155.4,176.4,4.001641509,33.46535849,175,155,307,4.064347619,33.41455714,0.125471429,0.125471429,222.5429048,1.502857143,2191.775,2258.95,51.084,7.522825,,,
NH1208,2012,9,1,N,6,8,6.08,3,48.9377,-148.8173,245.139711,321.184,104,590,89.7,157.9,4.183945946,32.88532432,155,90,307,4.529063636,32.78559242,0.226068182,0.226068182,301.8499091,1.374090909,2105.266667,2223,31.648,7.680333333,,,
NH1208,2012,9,1,N,6,9,6.09,3,48.9389,-148.8241,245.146586,331.084,90,560.3,48.2,89.8,5.267696552,32.66710345,90,50,307,5.581946341,32.68466098,0.903656098,0.903656098,311.7950244,1.283658537,2069.4,2209.8,24.768,7.74565,,,
NH1208,2012,9,1,N,6,10,6.1,3,48.94,-148.8308,245.153322,340.784,48,301.9,24.3,49.3,7.344333333,32.58933333,50,25,307,7.84935,32.6318,3.858807692,3.858807692,316.6827308,1.28,2040.7,2200.25,20.124,7.8007,,,
NH1208,2012,9,1,N,6,11,6.11,3,48.9405,-148.834,245.156944,345.999,70,420.8,1.6,24.7,12.65563,32.4077,25,0,307,12.48806364,32.45442273,1.764336364,1.764336364,272.7547727,3.896818182,2021.15,2193.2,16.512,7.84075,,,
NH1208,2012,9,1,N,6,12,6.12,3,48.9411,-148.8384,245.161597,352.7,13,64.3,-1.5,1,12.94664286,30.27653571,0,0,307,12.9616,32.4257,1.6399,1.6399,266.94,15,2020,2192.6,16.512,7.8425,,,
NH1208,2012,9,2,D,7,0,7,7,46.9989,-144.7368,246.375428,900.616,308,2373.2,4,1012.6,5.071802768,33.77500692,1000,0,711,4.608438516,33.89351856,0.22885336,0.22885336,96.86198596,53.32930792,2191.1,2282.173333,71.1392,7.520093333,,,
NH1208,2012,9,2,D,7,1,7.01,7,46.9974,-144.776,246.415718,958.634,197,1195.6,796.8,1001.5,3.172096774,34.2993871,1000,800,711,3.180318905,34.31972537,0.168851741,0.168851741,21.03872637,1.860646766,2351.9,2371.9,141.384,7.3071,,,
NH1208,2012,9,2,D,7,2,7.02,7,46.9969,-144.7901,246.430116,1019.367,178,1046.9,600.9,795.7,3.606882129,34.20963498,800,600,711,3.647855721,34.21927413,0.153674129,0.153674129,29.54704478,1.810746269,2329.933333,2353.7,126.592,7.3085,,,
NH1208,2012,9,2,D,7,3,7.03,7,46.9968,-144.8026,246.442338,1036.967,196,1095.3,400.7,599.9,4.087310861,34.05578277,600,400,711,4.076053234,34.06434925,0.15009005,0.15009005,52.92240299,1.77278607,2298.133333,2327.033333,104.576,7.3222,,,
NH1208,2012,9,2,D,7,4,7.04,7,46.9969,-144.8165,246.454745,1054.833,243,1332.6,201.5,400.1,4.662533123,33.84766562,400,200,711,4.728657214,33.85757662,0.150018905,0.150018905,113.988005,1.700348259,2233.3,2291.75,71.982,7.409825,,,
NH1208,2012,9,2,D,7,5,7.05,7,46.9971,-144.8336,246.469479,1116.05,143,772.4,101.4,200.8,5.754801105,33.42141989,200,100,711,5.852492079,33.27544158,0.180725743,0.180725743,248.521198,6.579405941,2113.125,2240.45,35.346,7.646925,,,
NH1208,2012,9,2,D,7,6,7.06,7,46.9974,-144.8434,246.477882,1128.15,74,411.4,51.7,101.1,6.086787234,32.76005319,100,50,711,6.508498039,32.77770392,0.783139216,0.783139216,302.2471569,104.6392157,2040.75,2210.25,23.22,7.76075,,,
NH1208,2012,9,2,D,7,7,7.07,7,46.9975,-144.8484,246.482257,1134.45,44,260.1,26.8,51.2,8.391180328,32.67180328,50,25,711,10.23426154,32.66305385,1.339503846,1.339503846,295.5058846,691.0384615,2007.9,2204.55,20.124,7.8272,,,
NH1208,2012,9,2,D,7,8,7.08,7,46.9975,-144.8515,246.485093,1138.534,46,273.1,-1.4,26.2,13.66659701,32.5100597,25,0,711,14.02487273,32.53237273,0.615440909,0.615440909,265.0615909,1326.363636,1996.6,2200.7,18.576,7.8678,,,
NH1208,2012,9,2,D,7,9,7.09,7,46.9975,-144.8549,246.488194,1142.999,0,0,-1.5,-1.4,13.84625,19.313,0,0,711,26.1694,36.2337,0.0617,0.0617,196.714,1E-12,2005.6,2200.8,18.576,7.8679,,,
NH1208,2012,9,2,N,8,0,8,7,47.0215,-144.6109,246.859826,2038.149,327,2455.3,1.1,1019.3,5.184784897,33.73561098,1000,0,713,4.698380542,33.90177984,0.26998004,0.26998004,99.21182146,1.842046138,2191.1,2282.173333,71.1392,7.520093333,,,
NH1208,2012,9,2,N,8,1,8.01,7,47.0322,-144.6463,246.90044,2136.634,165,1136.8,785,999.2,3.138446602,34.30728155,1000,800,713,3.168855721,34.32185174,0.163716418,0.163716418,21.51698507,1.871343284,2351.9,2371.9,141.384,7.3071,,,
NH1208,2012,9,2,N,8,2,8.02,7,47.0353,-144.6581,246.914792,2157.3,167,1075.8,600.9,785.3,3.594142857,34.20918681,800,600,713,3.641419403,34.22197711,0.15700199,0.15700199,29.04427861,1.796467662,2329.933333,2353.7,126.592,7.3085,,,
NH1208,2012,9,2,N,8,3,8.03,7,47.0378,-144.6681,246.927477,2215.567,75,501.4,494.6,600.3,3.965697674,34.12113178,600,500,713,4.074644554,34.11430693,0.157654455,0.157654455,45.14188119,1.79,2298.133333,2327.033333,104.576,7.3222,,,
NH1208,2012,9,2,N,8,4,8.04,7,47.038,-144.6727,246.933472,2224.2,136,943.9,300.6,493.8,4.347436975,33.93991176,500,300,713,4.340423881,33.95674129,0.159046766,0.159046766,81.03787562,1.742686567,2233.3,2291.75,71.982,7.409825,,,
NH1208,2012,9,2,N,8,5,8.05,7,47.0353,-144.6807,246.944525,2240.116,191,1298.5,100.2,299.6,5.443429907,33.6316947,300,100,713,5.621040796,33.5751403,0.150600498,0.150600498,200.0793085,1.528706468,2113.125,2240.45,35.346,7.646925,,,
NH1208,2012,9,2,N,8,6,8.06,7,47.0293,-144.6905,246.959444,2301.599,90,610,51.1,98.7,6.737816327,32.74537415,100,50,713,6.937921569,32.79842941,0.923054902,0.923054902,301.0446863,1.282941176,2040.75,2210.25,23.22,7.76075,,,
NH1208,2012,9,2,N,8,7,8.07,7,47.0265,-144.6953,246.966273,2311.433,42,302.1,24.5,51.3,9.771890411,32.62878082,50,25,713,10.74595,32.65625,1.881696154,1.881696154,292.9346154,1.297307692,2007.9,2204.55,20.124,7.8272,,,
NH1208,2012,9,2,N,8,8,8.08,7,47.0251,-144.6976,246.969664,2316.316,80,469.3,-0.3,24.2,14.2280991,32.52863964,25,0,713,14.22839545,32.54333182,1.596377273,1.596377273,264.4285455,7.862272727,1996.6,2200.7,18.576,7.8678,,,
NH1208,2012,9,2,N,8,9,8.09,7,47.023,-144.7012,246.974826,2323.749,6,36.9,-0.9,0.9,14.24181481,30.62396296,0,0,713,14.2481,32.5398,1.6047,1.6047,263.248,38.1,2005.6,2200.8,18.576,7.8679,,,
NH1208,2012,9,3,N,9,0,9,11,45.0476,-141.4488,247.985775,2339.516,612,4203.8,1.1,1014.3,5.974955066,33.7798978,1000,0,1117,5.55677653,33.69423129,0.220129388,0.220129388,108.8207442,1.662517553,2165.29375,2268.10625,36.12,7.598690625,,,
NH1208,2012,9,3,N,9,1,9.01,11,45.0182,-141.399,248.038727,55.77,271,1361.7,798.6,999.2,3.359822086,34.26340798,1000,800,1117,3.312995522,34.29429154,0.152958209,0.152958209,17.44989055,1.859303483,2353.1,2367.2,87.72,7.29765,,,
NH1208,2012,9,3,N,9,2,9.02,11,45.0092,-141.386,248.053877,117.58,235,1127.3,598.8,798.5,3.90264751,34.13967433,800,600,1117,3.894362687,34.16424577,0.14768806,0.14768806,31.85746766,1.774975124,2325.133333,2342.766667,74.304,7.307733333,,,
NH1208,2012,9,3,N,9,3,9.03,11,45.0019,-141.3746,248.066007,135.05,244,1158.4,398.7,598.5,4.63288015,33.99790262,600,400,1117,4.699029851,34.00699403,0.156968159,0.156968159,74.6499602,1.669353234,2282.3,2308.533333,65.36,7.376,,,
NH1208,2012,9,3,N,9,4,9.04,11,44.9945,-141.3624,248.078414,152.92,266,1287.8,199.9,397.6,6.704773649,33.91041892,400,200,1117,6.584146269,33.92803333,0.135761692,0.135761692,157.6457861,1.457860697,2192.275,2271.375,31.992,7.5748,,,
NH1208,2012,9,3,N,9,5,9.05,11,44.9855,-141.3492,248.092164,212.72,125,624.9,99.6,199.8,7.664390071,33.31339007,200,100,1117,7.676382178,33.35412673,0.165783168,0.165783168,256.9870396,1.327128713,2085.5,2229.55,15.48,7.735475,,,
NH1208,2012,9,3,N,9,6,9.06,11,44.9811,-141.343,248.098715,222.15,82,415.7,50.8,99,8.478282609,32.82475,100,50,1117,8.603382353,32.83694314,0.62887451,0.62887451,283.3413137,1.28,2041.466667,2208.433333,5.16,7.79665,,,
NH1208,2012,9,3,N,9,7,9.07,11,44.9779,-141.3389,248.102986,228.3,61,321.2,25.3,50.5,10.96713889,32.69304167,50,25,1117,11.53138846,32.73016923,1.2639,1.2639,289.8946538,1.28,2000.55,2206.15,2.064,7.872575,,,
NH1208,2012,9,3,N,9,8,9.08,11,44.9754,-141.3357,248.106331,233.117,58,316.8,-1.2,25.1,16.18909859,32.66098592,25,0,1117,16.50743182,23.54834545,0.987622727,0.987622727,235.3696818,3.471363636,1984.35,2207.05,1.032,7.9127,,,
NH1208,2012,9,3,N,9,9,9.09,11,44.9727,-141.3325,248.10963,237.867,3,23.3,-1.5,-0.9,16.53775,23.61225,0,0,1117,26.1694,36.2337,0.0617,0.0617,196.714,1E-12,1987.1,2208.3,1.032,7.9144,,,
NH1208,2012,9,4,D,10,0,10,11,44.9646,-141.3447,248.384826,914.149,391,2990.2,6.5,1011.7,6.089524229,33.76231938,1000,0,1117,5.55677653,33.69423129,0.220129388,0.220129388,108.8207442,1.662517553,2165.29375,2268.10625,36.12,7.598690625,,,
NH1208,2012,9,4,D,10,1,10.01,11,44.9442,-141.3134,248.427014,1014.9,191,1112.2,801.3,999.6,3.393634409,34.25523656,1000,800,1117,3.312995522,34.29429154,0.152958209,0.152958209,17.44989055,1.859303483,2353.1,2367.2,87.72,7.29765,,,
NH1208,2012,9,4,D,10,2,10.02,11,44.9387,-141.3028,248.439977,1033.567,212,1195,601.1,800.8,3.90395053,34.13998587,800,600,1117,3.894362687,34.16424577,0.14768806,0.14768806,31.85746766,1.774975124,2325.133333,2342.766667,74.304,7.307733333,,,
NH1208,2012,9,4,D,10,3,10.03,11,44.9322,-141.2916,248.453125,1052.5,244,1339.6,401.5,600.4,4.666289809,33.99557006,600,400,1117,4.699029851,34.00699403,0.156968159,0.156968159,74.6499602,1.669353234,2282.3,2308.533333,65.36,7.376,,,
NH1208,2012,9,4,D,10,4,10.04,11,44.9253,-141.279,248.467708,1113.5,228,1230.9,201.8,400.7,6.630208481,33.89683392,400,200,1117,6.584146269,33.92803333,0.135761692,0.135761692,157.6457861,1.457860697,2192.275,2271.375,31.992,7.5748,,,
NH1208,2012,9,4,D,10,5,10.05,11,44.9181,-141.2676,248.480856,1132.433,118,665.2,100.7,201.7,7.632039216,33.31073856,200,100,1117,7.676382178,33.35412673,0.165783168,0.165783168,256.9870396,1.327128713,2085.5,2229.55,15.48,7.735475,,,
NH1208,2012,9,4,D,10,6,10.06,11,44.9144,-141.2614,248.487975,1142.684,80,475.7,52.1,100.1,8.379314815,32.82689815,100,50,1117,8.603382353,32.83694314,0.62887451,0.62887451,283.3413137,1.28,2041.466667,2208.433333,5.16,7.79665,,,
NH1208,2012,9,4,D,10,7,10.07,11,44.9114,-141.2566,248.492986,1149.9,46,272.2,26.1,51.5,10.40285714,32.71474603,50,25,1117,11.53138846,32.73016923,1.2639,1.2639,289.8946538,1.28,2000.55,2206.15,2.064,7.872575,,,
NH1208,2012,9,4,D,10,8,10.08,11,44.9097,-141.254,248.495914,1154.116,48,285.3,-1.4,25.7,16.08266154,32.65835385,25,0,1117,16.50743182,23.54834545,0.987622727,0.987622727,235.3696818,3.471363636,1984.35,2207.05,1.032,7.9127,,,
NH1208,2012,9,4,D,10,9,10.09,11,44.9079,-141.2513,248.498935,1158.466,0,0,-1.6,0.2,16.92769767,1.744790698,0,0,1117,26.1694,36.2337,0.0617,0.0617,196.714,1E-12,1987.1,2208.3,1.032,7.9144,,,
NH1208,2012,9,5,D,11,0,11,15,43.0036,-138.1338,249.539815,1257.334,472,3333.4,3.6,1011.3,6.62548503,33.80344311,1000,0,1524,5.871405115,33.92565386,0.252314744,0.252314744,106.6887432,14.39130391,2145.014286,2262.335714,40.32171429,7.639371429,,,
NH1208,2012,9,5,D,11,1,11.01,15,43.0398,-138.1268,249.586366,1404.367,201,1116.7,801.2,1000.4,3.453846975,34.27107117,1000,800,1524,3.425931841,34.30333184,0.1535199,0.1535199,12.05315423,1.706965174,2367.5,2361.9,119.196,7.29745,,,
NH1208,2012,9,5,D,11,2,11.02,15,43.0513,-138.123,249.599421,1423.166,315,1645.5,601.5,800.5,3.903446701,34.14325127,800,600,1524,3.906790547,34.16501244,0.14969403,0.14969403,29.44112935,1.632935323,2336.65,2338,111.456,7.3076,,,
NH1208,2012,9,5,D,11,3,11.03,15,43.0652,-138.1173,249.617731,1449.533,214,1126.7,400.8,601.1,4.812896679,33.98204797,600,400,1524,4.819025373,34.00201493,0.142688557,0.142688557,76.32635323,1.480248756,2274.6,2301.2,81.184,7.3831,,,
NH1208,2012,9,5,D,11,4,11.04,15,43.0746,-138.1135,249.630324,1507.667,241,1308.4,201.4,400.4,7.010763754,33.92500647,400,200,1524,6.903446766,33.9443209,0.127720896,0.127720896,161.7880647,1.318557214,2180.833333,2270.2,38.872,7.5821,,,
NH1208,2012,9,5,D,11,5,11.05,15,43.0849,-138.1087,249.644676,1528.333,126,698.8,102.6,200.7,8.497432099,33.44685185,200,100,1524,8.436376238,33.52226337,0.124920792,0.124920792,243.8280495,1.410891089,2077.375,2230.875,10.062,7.75105,,,
NH1208,2012,9,5,D,11,6,11.06,15,43.0903,-138.1064,249.652199,1539.167,81,459.9,52.2,102.2,9.53054717,32.91292453,100,50,1524,9.693809804,32.92567647,0.682405882,0.682405882,272.3373529,6.964705882,2021.733333,2210.6,1.72,7.8374,,,
NH1208,2012,9,5,D,11,7,11.07,15,43.0937,-138.1047,249.65713,1546.267,82,484.1,25.8,51.8,12.4443964,32.75081081,50,25,1524,13.42948077,32.79760385,2.629026923,2.629026923,285.3611923,81.97692308,1985.1,2212.7,0,7.9226,,,
NH1208,2012,9,5,D,11,8,11.08,15,43.0975,-138.1031,249.662292,1553.7,89,533.9,0.3,25.7,17.535264,32.766112,25,0,1524,17.59839091,32.80194091,1.109181818,1.109181818,246.6400909,486.8181818,1978,2214.75,0,7.94915,,,
NH1208,2012,9,5,D,11,9,11.09,15,43.102,-138.101,249.66809,1602.05,3,18.9,0,1.4,17.60885714,32.75157143,0,0,1524,26.1694,36.2337,0.0617,0.0617,196.714,1E-12,1979.75,2214.05,25.8,7.951,,,
NH1208,2012,9,5,N,12,0,12,15,43.0952,-138.1589,249.92728,2215.283,460,3611.4,1.3,1014.1,6.46866455,33.81168148,1000,0,1524,5.871405115,33.92565386,0.252314744,0.252314744,106.6887432,14.39130391,2145.014286,2262.335714,40.32171429,7.639371429,,,
NH1208,2012,9,5,N,12,1,12.01,15,43.1283,-138.1672,249.97147,2318.917,194,1063.1,799.3,998.2,3.440253676,34.28108456,1000,800,1524,3.425931841,34.30333184,0.1535199,0.1535199,12.05315423,1.706965174,2367.5,2361.9,119.196,7.29745,,,
NH1208,2012,9,5,N,12,2,12.02,15,43.1383,-138.164,249.984109,2337.117,152,795.5,699.8,798,3.804479798,34.16780808,800,600,1524,3.906790547,34.16501244,0.14969403,0.14969403,29.44112935,1.632935323,2336.65,2338,111.456,7.3076,,,
NH1208,2012,9,5,N,12,3,12.03,15,43.1448,-138.1641,249.99331,2350.366,307,1644.7,399.4,699.5,4.639832924,34.00551351,600,400,1524,4.819025373,34.00201493,0.142688557,0.142688557,76.32635323,1.480248756,2274.6,2301.2,81.184,7.3831,,,
NH1208,2012,9,5,N,12,4,12.04,15,43.1585,-138.1631,250.012315,17.73,166,944,184.4,398.1,7.03115812,33.90669658,400,200,1524,6.903446766,33.9443209,0.127720896,0.127720896,161.7880647,1.318557214,2180.833333,2270.2,38.872,7.5821,,,
NH1208,2012,9,5,N,12,5,12.05,15,43.1666,-138.1621,250.023183,33.38,129,744.6,101.1,183.9,8.587303867,33.30471271,200,100,1524,8.436376238,33.52226337,0.124920792,0.124920792,243.8280495,1.410891089,2077.375,2230.875,10.062,7.75105,,,
NH1208,2012,9,5,N,12,6,12.06,15,43.1733,-138.1614,250.031597,45.5,87,536.2,51.4,101.3,9.223807692,32.86418462,100,50,1524,9.693809804,32.92567647,0.682405882,0.682405882,272.3373529,6.964705882,2021.733333,2210.6,1.72,7.8374,,,
NH1208,2012,9,5,N,12,7,12.07,15,43.1778,-138.1612,250.037639,54.2,65,428.2,25.5,51.9,12.62259223,32.74596117,50,25,1524,13.42948077,32.79760385,2.629026923,2.629026923,285.3611923,81.97692308,1985.1,2212.7,0,7.9226,,,
NH1208,2012,9,5,N,12,8,12.08,15,43.1815,-138.1611,250.042419,101.08,80,466.5,-0.6,25.2,17.45201852,32.78660185,25,0,1524,17.59839091,32.80194091,1.109181818,1.109181818,246.6400909,486.8181818,1978,2214.75,0,7.94915,,,
NH1208,2012,9,5,N,12,9,12.09,15,43.1852,-138.161,250.047442,108.32,1,5.5,-0.7,0,17.568,25.064,0,0,1524,26.1694,36.2337,0.0617,0.0617,196.714,1E-12,1979.75,2214.05,25.8,7.951,,,
NH1208,2012,9,7,N,13,0,13,18,41.533,-135.7863,251.059352,125.47,438,2884.5,1.3,1024.4,7.709529351,33.78095469,1000,0,1828,6.298454865,33.92516931,0.186445336,0.186445336,92.4101013,1.744734203,2159.76875,2268.5625,36.0555,7.60689375,,,
NH1208,2012,9,7,N,13,1,13.01,18,41.5639,-135.7893,251.104468,230.434,153,929.5,801,992.7,3.507817164,34.29250746,1000,800,1828,3.522291542,34.30230896,0.166029353,0.166029353,10.35008458,1.847164179,2367.65,2367.3,107.328,7.29475,,,
NH1208,2012,9,7,N,13,2,13.02,18,41.5727,-135.7898,251.116921,248.366,150,823.1,601,800,4.064167421,34.15325339,800,600,1828,4.062664179,34.17140547,0.152924378,0.152924378,23.17758209,1.820845771,2334.533333,2341.6,100.104,7.3069,,,
NH1208,2012,9,7,N,13,3,13.03,18,41.5805,-135.7895,251.127188,303.151,221,1151.5,399.1,600.6,5.16897,34.02614,600,400,1828,5.055946766,34.02385075,0.152586567,0.152586567,62.64182587,1.729004975,2280.433333,2306.3,50.912,7.3792,,,
NH1208,2012,9,7,N,13,4,13.04,18,41.5905,-135.7872,251.141123,323.217,187,957.5,199.4,397.5,7.060061475,33.90795082,400,200,1828,7.095902985,33.9299005,0.134171642,0.134171642,130.9246318,1.449104478,2188.225,2271.35,28.122,7.547425,,,
NH1208,2012,9,7,N,13,5,13.05,18,41.599,-135.7861,251.152465,339.55,146,743.7,99.8,198.3,9.621081081,33.26514054,200,100,1828,9.169067327,33.38227723,0.178018812,0.178018812,214.231396,1.283168317,2082.05,2224.825,11.868,7.729775,,,
NH1208,2012,9,7,N,13,6,13.06,18,41.6058,-135.7853,251.161053,351.916,86,486.2,50.6,99.8,12.11224,32.92812,100,50,1828,12.31675294,32.95537843,0.725482353,0.725482353,277.4371569,1.28,2006.933333,2208.866667,1.376,7.877566667,,,
NH1208,2012,9,7,N,13,7,13.07,18,41.6105,-135.7851,251.166863,400.283,45,254.7,25.5,49.5,16.282,32.901375,50,25,1828,16.56012692,32.98668846,0.267034615,0.267034615,251.1434615,1.360769231,1985,2211.3,0,7.92215,,,
NH1208,2012,9,7,N,13,8,13.08,18,41.6129,-135.7849,251.169838,404.567,66,371.4,-0.8,25.5,17.6994125,31.650225,25,0,1828,17.86175909,33.02410455,0.165613636,0.165613636,238.8289545,6.552272727,1983.05,2212.85,0,7.9166,,,
NH1208,2012,9,7,N,13,9,13.09,18,41.6165,-135.7842,251.173553,409.916,1,0,0.3,0.3,16.411,0.01,0,0,1828,26.1694,36.2337,0.0617,0.0617,196.714,1E-12,1981,2213.4,0,7.916,,,
NH1208,2012,9,7,D,14,0,14,18,41.7197,-135.8227,251.406574,945.467,394,2694.7,3,1012.3,7.051467016,33.81959581,1000,0,1829,6.242580843,33.91712879,0.187372818,0.187372818,96.67526981,2.62005015,2159.76875,2268.5625,36.0555,7.60689375,,,
NH1208,2012,9,7,D,14,1,14.01,18,41.7517,-135.8156,251.450938,1049.351,211,1168.7,799.1,999,3.532790476,34.27789841,1000,800,1829,3.510214428,34.30160199,0.155813433,0.155813433,11.55681592,1.831293532,2367.65,2367.3,107.328,7.29475,,,
NH1208,2012,9,7,D,14,2,14.02,18,41.7623,-135.8127,251.465579,1110.434,199,1019,600.1,799.4,4.059245136,34.13345914,800,600,1829,4.034220398,34.1617209,0.150372637,0.150372637,27.7980597,1.671094527,2334.533333,2341.6,100.104,7.3069,,,
NH1208,2012,9,7,D,14,3,14.03,18,41.7723,-135.81,251.477523,1127.633,272,1381.7,400.7,599.8,5.14686533,33.98392837,600,400,1829,5.051409453,34.01193085,0.143338308,0.143338308,68.07045771,1.582089552,2280.433333,2306.3,50.912,7.3792,,,
NH1208,2012,9,7,D,14,4,14.04,18,41.7855,-135.8072,251.493738,1150.983,253,1314,199,400.1,7.271213415,33.9077622,400,200,1829,7.053518905,33.93332388,0.127522388,0.127522388,134.7739303,1.402089552,2188.225,2271.35,28.122,7.547425,,,
NH1208,2012,9,7,D,14,5,14.05,18,41.798,-135.804,251.50897,1212.917,138,696.7,101.6,198.6,9.14580814,33.39765698,200,100,1829,9.111322772,33.3453505,0.155126733,0.155126733,224.5457624,1.292079208,2082.05,2224.825,11.868,7.729775,,,
NH1208,2012,9,7,D,14,6,14.06,18,41.8048,-135.8021,251.516968,1224.434,116,591.9,50.2,100.7,11.29445,32.92678571,100,50,1829,11.89069216,32.9482,0.878292157,0.878292157,277.8919216,2.626078431,2006.933333,2208.866667,1.376,7.877566667,,,
NH1208,2012,9,7,D,14,7,14.07,18,41.8107,-135.8004,251.523472,1233.8,80,409,27.1,50.1,14.48277551,32.90459184,50,25,1829,16.10158462,32.97720769,0.322942308,0.322942308,257.5063077,14.03692308,1985,2211.3,0,7.92215,,,
NH1208,2012,9,7,D,14,8,14.08,18,41.8148,-135.7992,251.528021,1240.35,66,362.6,0.2,28.2,17.57379747,32.94825316,25,0,1829,17.87831818,33.02809545,0.16575,0.16575,238.8263636,32.48636364,1983.05,2212.85,0,7.9166,,,
NH1208,2012,9,7,D,14,9,14.09,18,41.8181,-135.798,251.531701,1245.649,3,29.7,-0.5,0.7,16.385,13.6523,0,0,1829,26.1694,36.2337,0.0617,0.0617,196.714,1E-12,1981,2213.4,0,7.916,,,
NH1208,2012,9,8,D,15,0,15,21,40.0031,-135.0004,252.36375,843.8,323,2364.7,3.6,1012.2,7.672689403,33.82323386,1000,0,2134,6.504061886,33.95883942,0.173359679,0.173359679,97.5052317,32.90140421,2160.5,2269.51875,37.668,7.605865625,,,
NH1208,2012,9,8,D,15,1,15.01,21,40.0276,-135.0008,252.402095,939.017,156,1022.4,801.8,998.7,3.782696864,34.29677352,1000,800,2134,3.750947761,34.32597313,0.153924876,0.153924876,10.48555721,1.715174129,2363.45,2364.75,114.036,7.2934,,,
NH1208,2012,9,8,D,15,2,15.02,21,40.0355,-135.0026,252.415428,958.216,191,1196.9,602.2,801.7,4.46456129,34.17305806,800,600,2134,4.377904975,34.1999,0.150621891,0.150621891,19.39014428,1.670945274,2336.766667,2340.133333,73.616,7.292766667,,,
NH1208,2012,9,8,D,15,3,15.03,21,40.0446,-135.0059,252.429838,1018.967,210,1272.6,400.6,602.1,5.20275625,34.00465,600,400,2134,5.281041791,34.04567114,0.143439303,0.143439303,58.89138308,1.529950249,2284.333333,2310.066667,62.952,7.356333333,,,
NH1208,2012,9,8,D,15,4,15.04,21,40.0545,-135.0094,252.444711,1040.384,216,1248.4,201.3,400.3,7.191342282,33.91874497,400,200,2134,7.300658209,33.93752239,0.124039801,0.124039801,157.9131592,1.323830846,2180.425,2273.65,37.41,7.5668375,,,
NH1208,2012,9,8,D,15,5,15.05,21,40.0645,-135.0132,252.458553,1100.316,174,958.2,99.2,201.3,8.8859,33.52129545,200,100,2134,9.236916832,33.44663465,0.163512871,0.163512871,227.0253069,2.411881188,2078.5,2227.025,10.578,7.7398375,,,
NH1208,2012,9,8,D,15,6,15.06,21,40.0723,-135.0155,252.468773,1115.033,107,559.1,52.6,99.4,11.69569048,33.0302381,100,50,2134,12.02015686,33.04546863,0.633196078,0.633196078,273.4832549,44.87117647,2013.066667,2209.7,2.064,7.8602,,,
NH1208,2012,9,8,D,15,7,15.07,21,40.0768,-135.0168,252.47463,1123.467,111,586.6,26.2,52.3,15.48600741,33.0232963,50,25,2134,16.72815769,33.12574231,0.2636,0.2636,256.3981154,313.6538462,1991.75,2215.9,1.548,7.9194,,,
NH1208,2012,9,8,D,15,8,15.08,21,40.0818,-135.0184,252.480903,1132.5,63,335,0.8,26.3,18.39077333,33.11898667,25,0,2134,18.53624545,33.15676818,0.168209091,0.168209091,236.5378636,979.0909091,1992.95,2218.4,1.548,7.9246,,,
NH1208,2012,9,8,D,15,9,15.09,21,40.0847,-135.0193,252.484387,1137.517,4,18,-0.2,1.8,18.39828571,33.11185714,0,0,2134,26.1694,36.2337,0.0617,0.0617,196.714,1E-12,1995.5,2215.4,1.032,7.9208,,,
NH1208,2012,9,8,N,16,0,16,23,39.9834,-135.0297,252.819769,1940.467,374,2700.9,4.4,1015.5,7.380028986,33.84480936,1000,0,2134,6.504061886,33.95883942,0.173359679,0.173359679,97.5052317,32.90140421,2141.166667,2260.806667,26.0064,7.65112,,,
NH1208,2012,9,8,N,16,1,16.01,23,40.01,-135.0436,252.861701,2040.849,158,949.4,800.4,1000.5,3.718097561,34.31256098,1000,800,2134,3.750947761,34.32597313,0.153924876,0.153924876,10.48555721,1.715174129,2358.55,2359.3,75.336,7.31305,,,
NH1208,2012,9,8,N,16,2,16.02,23,40.017,-135.0462,252.873137,2057.317,180,1032.6,600.4,798.9,4.348789883,34.1866537,800,600,2134,4.377904975,34.1999,0.150621891,0.150621891,19.39014428,1.670945274,2314.8,2322.05,67.596,7.3195,,,
NH1208,2012,9,8,N,16,3,16.03,23,40.025,-135.0495,252.885069,2114.499,202,1098.5,399.7,599.7,5.282647727,34.0135303,600,400,2134,5.281041791,34.04567114,0.143439303,0.143439303,58.89138308,1.529950249,2265.066667,2294.166667,51.944,7.368166667,,,
NH1208,2012,9,8,N,16,4,16.04,23,40.0341,-135.0533,252.897338,2132.167,256,1400.7,199.7,399.3,7.266887538,33.91873252,400,200,2134,7.300658209,33.93752239,0.124039801,0.124039801,157.9131592,1.323830846,2173.625,2264.15,23.994,7.588475,,,
NH1208,2012,9,8,N,16,5,16.05,23,40.0455,-135.0578,252.912627,2154.183,177,935.3,98.5,199.5,8.965909953,33.46127488,200,100,2134,9.236916832,33.44663465,0.163512871,0.163512871,227.0253069,2.411881188,2066.425,2225.575,7.224,7.78645,,,
NH1208,2012,9,8,N,16,6,16.06,23,40.0527,-135.061,252.922431,2208.301,95,499.2,50.6,97.8,12.0110625,33.00467857,100,50,2134,12.02015686,33.04546863,0.633196078,0.633196078,273.4832549,44.87117647,2009.633333,2214.7,2.064,7.8933,,,
NH1208,2012,9,8,N,16,7,16.07,23,40.0564,-135.0629,252.927639,2215.8,69,375.9,25.8,50.2,17.15257471,33.06095402,50,25,2134,16.72815769,33.12574231,0.2636,0.2636,256.3981154,313.6538462,1995,2220.4,2.064,7.92345,,,
NH1208,2012,9,8,N,16,8,16.08,23,40.0593,-135.0647,252.931678,2221.616,73,403.3,0.1,25.7,18.35017895,33.06204211,25,0,2134,18.53624545,33.15676818,0.168209091,0.168209091,236.5378636,979.0909091,2001.35,2227.25,1.548,7.92265,,,
NH1208,2012,9,8,N,16,9,16.09,23,40.0626,-135.0668,252.936088,2227.967,0,0,-0.3,0.8,17.27266667,5.930333333,0,0,2134,26.1694,36.2337,0.0617,0.0617,196.714,1E-12,2000.9,2229.9,1.032,7.9229,,,
NH1208,2012,9,9,D,17,0,17,24,38.7115,-135.0097,253.56456,1332.966,469,3384,3.3,1012.2,7.705420101,33.89447035,1000,0,2439,6.833668506,33.96751825,0.169892076,0.169892076,108.2098837,32.41563691,2147.51875,2263.543333,32.8176,7.666676667,,,
NH1208,2012,9,9,D,17,1,17.01,24,38.6777,-135.0068,253.611042,1439.9,219,1217.2,801.4,1001,3.743845902,34.29708525,1000,800,2439,3.745283582,34.31149104,0.153795522,0.153795522,10.9010796,1.749452736,2356.35,2343.3,103.2,7.290525,,,
NH1208,2012,9,9,D,17,2,17.02,24,38.6674,-135.0059,253.625208,1500.3,218,1194.7,601,801.2,4.313864583,34.15088194,800,600,2439,4.30990597,34.16910945,0.148251741,0.148251741,24.45355721,1.696318408,2322.733333,2331.4,90.3,7.303,,,
NH1208,2012,9,9,D,17,3,17.03,24,38.6574,-135.005,253.638588,1519.567,263,1421.6,400.2,600.3,5.32078655,33.97891228,600,400,2439,5.306467164,34.00068806,0.138081095,0.138081095,79.51947761,1.536467662,2256.233333,2303.533333,66.392,7.408033333,,,
NH1208,2012,9,9,D,17,4,17.04,24,38.6458,-135.0046,253.654479,1542.45,219,1202.3,200.7,399.9,7.869843206,33.92783275,400,200,2439,7.969519403,33.94764826,0.11339204,0.11339204,182.874592,1.345024876,2155.875,2266.3125,27.348,7.640825,,,
NH1208,2012,9,9,D,17,5,17.05,24,38.6364,-135.0049,253.667813,1601.651,133,740.5,101.7,199.6,10.10538323,33.48237725,200,100,2439,10.29033366,33.49932277,0.187978218,0.187978218,236.4855545,2.618712871,2062.375,2231.7125,7.74,7.796825,,,
NH1208,2012,9,9,D,17,6,17.06,24,38.6305,-135.0056,253.675579,1612.834,97,536.2,50.9,100.7,13.05453333,33.30300833,100,50,2439,13.29068235,33.30232549,0.595035294,0.595035294,268.7901961,62.0727451,2008.466667,2221.933333,2.408,7.902633333,,,
NH1208,2012,9,9,D,17,7,17.07,24,38.6261,-135.0059,253.681157,1620.866,47,251.2,24.8,50.8,16.85710345,33.23703448,50,25,2439,17.6288,33.28710385,0.256561538,0.256561538,249.7856538,373.7692308,1999.95,2225.55,2.064,7.9237,,,
NH1208,2012,9,9,D,17,8,17.08,24,38.6238,-135.0061,253.683843,1624.734,59,311.4,0.1,24.7,19.1112029,33.25918841,25,0,2439,19.14254545,33.27733182,0.1687,0.1687,233.1180909,848,2000.25,2230.7,2.064,7.9232,,,
NH1208,2012,9,9,D,17,9,17.09,24,38.6212,-135.0063,253.687049,1629.351,2,11.8,-0.7,0.4,18.74014286,22.70542857,0,0,2439,26.1694,36.2337,0.0617,0.0617,196.714,1E-12,1997.9,2227.6,2.064,7.9254,,,
NH1208,2012,9,9,N,18,0,18,24,38.6237,-135.0626,253.901285,2137.85,413,3072,3.3,1012.3,7.696263158,33.905729,1000,0,2439,6.833668506,33.96751825,0.169892076,0.169892076,108.2098837,32.41563691,2147.51875,2263.543333,32.8176,7.666676667,,,
NH1208,2012,9,9,N,18,1,18.01,24,38.5932,-135.0469,253.943345,2238.417,234,1294.4,799.8,1001,3.678591195,34.30324528,1000,800,2439,3.745283582,34.31149104,0.153795522,0.153795522,10.9010796,1.749452736,2356.35,2343.3,103.2,7.290525,,,
NH1208,2012,9,9,N,18,2,18.02,24,38.5825,-135.042,253.958113,2259.683,198,992,600.2,799.2,4.311303419,34.14673504,800,600,2439,4.30990597,34.16910945,0.148251741,0.148251741,24.45355721,1.696318408,2322.733333,2331.4,90.3,7.303,,,
NH1208,2012,9,9,N,18,3,18.03,24,38.5737,-135.0383,253.968993,2315.35,235,1168.9,400.8,599,5.399909091,33.96795273,600,400,2439,5.306467164,34.00068806,0.138081095,0.138081095,79.51947761,1.536467662,2256.233333,2303.533333,66.392,7.408033333,,,
NH1208,2012,9,9,N,18,4,18.04,24,38.5628,-135.0324,253.981759,2333.733,326,1556.7,203.2,400.4,7.832977591,33.93384874,400,200,2439,7.969519403,33.94764826,0.11339204,0.11339204,182.874592,1.345024876,2155.875,2266.3125,27.348,7.640825,,,
NH1208,2012,9,9,N,18,5,18.05,24,38.5486,-135.0242,253.998357,2357.634,129,640.8,99.7,203.1,10.19216783,33.47809091,200,100,2439,10.29033366,33.49932277,0.187978218,0.187978218,236.4855545,2.618712871,2062.375,2231.7125,7.74,7.796825,,,
NH1208,2012,9,9,N,18,6,18.06,24,38.5429,-135.0211,254.005035,7.3,112,561.7,51.6,99.1,13.41938095,33.26797619,100,50,2439,13.29068235,33.30232549,0.595035294,0.595035294,268.7901961,62.0727451,2008.466667,2221.933333,2.408,7.902633333,,,
NH1208,2012,9,9,N,18,7,18.07,24,38.5376,-135.0185,254.010891,15.68,67,363.6,25.7,51.5,18.01645783,33.31726506,50,25,2439,17.6288,33.28710385,0.256561538,0.256561538,249.7856538,373.7692308,1999.95,2225.55,2.064,7.9237,,,
NH1208,2012,9,9,N,18,8,18.08,24,38.5344,-135.017,254.014745,21.23,51,287.5,0.4,25.2,19.33440299,33.38576119,25,0,2439,19.14254545,33.27733182,0.1687,0.1687,233.1180909,848,2000.25,2230.7,2.064,7.9232,,,
NH1208,2012,9,9,N,18,9,18.09,24,38.5316,-135.0156,254.017859,25.72,1,6.8,-0.2,0.4,19.347,30.623,0,0,2439,26.1694,36.2337,0.0617,0.0617,196.714,1E-12,1997.9,2227.6,2.064,7.9254,,,
NH1208,2012,9,10,D,19,0,19,27,37.2594,-135.0084,254.565579,1334.434,601,3890.2,6.4,1011.7,7.870204524,33.92188124,1000,0,2745,6.745040182,33.98358937,0.166824899,0.166824899,109.0908239,1.636234818,2149.59375,2275.7,37.6035,7.6479125,,,
NH1208,2012,9,10,D,19,1,19.01,27,37.2198,-135.0374,254.614884,1445.433,372,1818.9,801.6,1000.9,3.698383747,34.31345598,1000,800,2745,3.662963184,34.30235274,0.164470647,0.164470647,10.80885075,1.885422886,2356.15,2365.4,107.844,7.29415,,,
NH1208,2012,9,10,D,19,2,19.02,27,37.2058,-135.0503,254.635463,1515.067,295,1485.8,600.5,801.1,4.234275568,34.14366193,800,600,2745,4.296064677,34.15629751,0.133885572,0.133885572,28.36068159,1.850547264,2326.166667,2336.7,99.416,7.3055,,,
NH1208,2012,9,10,D,19,3,19.03,27,37.1947,-135.061,254.651817,1538.616,294,1445.3,401.9,599.8,5.451277778,33.96542982,600,400,2745,5.368341791,33.99148109,0.136820896,0.136820896,85.60920398,1.715870647,2261.466667,2303,66.048,7.4083,,,
NH1208,2012,9,10,D,19,4,19.04,27,37.1835,-135.072,254.667708,1601.5,298,1507.1,202.2,401.5,7.908607955,33.94617045,400,200,2745,8.082137313,33.96042438,0.116695025,0.116695025,183.2309701,1.422985075,2155.95,2270.9,27.864,7.64275,,,
NH1208,2012,9,10,D,19,5,19.05,27,37.1718,-135.0832,254.684062,1625.049,164,860.6,99,201.8,9.995611111,33.6490303,200,100,2745,10.44184158,33.58328614,0.204732673,0.204732673,235.7213663,1.281881188,2070.425,2236.475,7.224,7.801975,,,
NH1208,2012,9,10,D,19,6,19.06,27,37.1654,-135.0896,254.693264,1638.3,55,282.8,74.5,98.3,12.38825,33.37476389,100,75,2745,12.64893846,33.32265769,0.701807692,0.701807692,259.7089615,1.28,2030.65,2230.1,2.58,7.8877,,,
NH1208,2012,9,10,D,19,7,19.07,27,37.1631,-135.0919,254.696609,1643.117,49,278.7,52.7,74.2,13.64504762,33.46446032,75,50,2745,13.50955,33.25203846,0.385365385,0.385365385,275.5621923,1.28,2007.85,2232.4,2.064,7.9212,,,
NH1208,2012,9,10,D,19,8,19.08,27,37.1612,-135.0939,254.699537,1647.333,75,436.9,26.2,52.1,17.82076471,33.52332353,50,25,2745,17.43323846,33.40426154,0.199730769,0.199730769,254.1787308,1.28,1998.85,2237.05,2.064,7.93425,,,
NH1208,2012,9,10,D,19,9,19.09,27,37.1581,-135.097,254.704271,1654.15,89,524.6,1,26.4,20.08569106,33.55826829,25,0,2745,19.73981538,33.49463846,0.151,0.151,229.6229231,1.314615385,1996.85,2240.8,2.064,7.9368,,,
NH1208,2012,9,10,N,19,10,19.1,27,37.1545,-135.1007,254.71,1702.4,3,19.3,0.2,1.8,19.782,27.17954545,0,0,2745,19.7392,19.7392,19.7392,19.7392,19.7392,19.7392,1996.8,2241.2,2.064,7.9399,,,
NH1208,2012,9,10,N,20,0,20,27,37.2279,-135.1305,254.915116,2157.767,553,3520.2,1.1,1013.2,9.21872823,33.75641148,1000,0,2744,6.804795551,34.00716077,0.168194237,0.168194237,110.0391001,23.62988878,2149.59375,2268.886667,33.2304,7.671106667,,,
NH1208,2012,9,10,N,20,1,20.01,27,37.2674,-135.1099,254.966493,2311.75,305,1728.5,801.3,1001.6,3.675309955,34.2889819,1000,800,2744,3.654092537,34.32113682,0.155240796,0.155240796,11.37634328,1.724179104,2356.15,2345.55,106.812,7.29335,,,
NH1208,2012,9,10,N,20,2,20.02,27,37.2814,-135.104,254.987037,2341.333,243,1361.5,599.6,800.6,4.251095652,34.14202319,800,600,2744,4.248420896,34.1657398,0.148936318,0.148936318,28.66025373,1.626218905,2326.166667,2328.6,92.88,7.3141,,,
NH1208,2012,9,10,N,20,3,20.03,27,37.2923,-135.1006,255.003067,4.4,200,1069.4,400.6,600,5.409992366,33.96700763,600,400,2744,5.411772637,33.98658806,0.136999005,0.136999005,90.75830846,1.460696517,2261.466667,2303,66.048,7.4083,,,
NH1208,2012,9,10,N,20,4,20.04,27,37.3014,-135.0972,255.015243,21.95,315,1652.6,200.7,399.9,7.9885975,33.9381975,400,200,2744,7.976798507,33.96541493,0.115560199,0.115560199,182.2340249,1.302089552,2155.95,2270.9,27.864,7.64275,,,
NH1208,2012,9,10,N,20,5,20.05,27,37.3162,-135.0936,255.033831,48.72,207,1121,99.8,200.3,9.977923077,33.60096154,200,100,2744,10.3512505,33.61970594,0.197294059,0.197294059,237.843495,2.282970297,2070.425,2236.475,7.224,7.801975,,,
NH1208,2012,9,10,N,20,6,20.06,27,37.3254,-135.0904,255.045914,106.12,126,695.8,52,99.6,12.8385,33.28962963,100,50,2744,13.73985294,33.46155294,0.565062745,0.565062745,268.0548431,58.25960784,2020.7,2231.3,2.408,7.9034,,,
NH1208,2012,9,10,N,20,7,20.07,27,37.3307,-135.0885,255.053438,116.95,51,305.4,25,51.9,17.10151351,33.4112027,50,25,2744,19.06588077,33.58823462,0.195134615,0.195134615,238.5324615,391.5769231,1998.85,2237.05,2.064,7.93425,,,
NH1208,2012,9,10,N,20,8,20.08,27,37.3332,-135.0879,255.056875,121.9,72,456,0.9,24.9,19.74578899,33.48649541,25,0,2744,20.10078571,33.58102143,0.161542857,0.161542857,228.1162143,686.2857143,1996.85,2240.8,2.064,7.9368,,,
NH1208,2012,9,10,N,20,9,20.09,27,37.3367,-135.0865,255.061944,129.2,2,14.5,0.1,1.9,19.33344444,27.15644444,0,0,2744,20.097,20.097,20.097,20.097,20.097,20.097,1996.8,2241.2,2.064,7.9399,,,
NH1208,2012,9,11,N,21,0,21,30,35.5851,-135.0034,255.997847,2356.9,521,3387,1.7,1014.8,9.097422465,33.85643439,1000,0,3048,7.293788158,33.99923482,0.163597368,0.163597368,94.8973583,1.465091093,2145.284375,2264.083333,28.3456,7.66935,,,
NH1208,2012,9,11,N,21,1,21.01,30,35.615,-134.9714,256.044618,104.25,337,1856,789.1,1000.2,4.074049896,34.36429314,1000,800,3048,4.086330348,34.37688308,0.153718408,0.153718408,12.84351244,1.67358209,2345.4,2348,91.332,7.30315,,,
NH1208,2012,9,11,N,21,2,21.02,30,35.6245,-134.9523,256.066968,136.43,224,1147.9,601.2,789.6,4.71185614,34.22124912,800,600,3048,4.699671642,34.24885124,0.152005473,0.152005473,16.71230846,1.607164179,2325.5,2333.05,92.364,7.30845,,,
NH1208,2012,9,11,N,21,3,21.03,30,35.6311,-134.941,256.080208,155.5,329,1722.1,400.9,600.6,5.676134752,34.03132861,600,400,3048,5.817949254,34.06743831,0.143140299,0.143140299,56.85064677,1.405621891,2251.65,2298.916667,51.944,7.421933333,,,
NH1208,2012,9,11,N,21,4,21.04,30,35.6402,-134.9251,256.099861,223.8,277,1505.2,201.4,400.8,8.293162983,33.90048619,400,200,3048,8.151468657,33.89508159,0.118099502,0.118099502,154.4994925,1.283034826,2147.975,2256.425,22.446,7.6336875,,,
NH1208,2012,9,11,N,21,5,21.05,30,35.6498,-134.9138,256.116678,248.016,118,722.1,98.9,200.7,11.86385965,33.53766082,200,100,3048,11.87727525,33.39180396,0.256154455,0.256154455,237.8369208,1.28,2051.5,2228.45,5.934,7.813075,,,
NH1208,2012,9,11,N,21,6,21.06,30,35.6543,-134.9099,256.12463,259.467,72,424.7,51.2,99,15.9067,33.70711,100,50,3048,14.81364118,33.27646863,0.318517647,0.318517647,259.8171765,1.28,2011.2,2227.2,1.376,7.901933333,,,
NH1208,2012,9,11,N,21,7,21.07,30,35.6571,-134.9079,256.129271,306.15,49,288.2,25.5,50.9,19.10604412,33.71736765,50,25,3048,18.96361923,33.40923846,0.188330769,0.188330769,238.309,1.279615385,2003,2232.5,1.548,7.925,,,
NH1208,2012,9,11,N,21,8,21.08,30,35.6589,-134.9067,256.132431,310.701,87,510.5,1.2,25.4,20.32135593,33.56975424,25,0,3048,20.07561538,33.44598462,0.157869231,0.157869231,228.1542308,2.263076923,2008.1,2240.4,2.064,7.9334,,,
NH1208,2012,9,11,N,21,9,21.09,30,35.6622,-134.9041,256.137917,318.6,4,26.4,1.2,1.8,20.32716667,33.57466667,0,0,3048,20.0735,20.0735,20.0735,20.0735,20.0735,20.0735,2009.1,2241.3,2.064,7.934,,,
NH1208,2012,9,12,D,22,0,22,30,35.6829,-134.9076,256.371748,855.317,666,4252.1,5.7,1012.3,8.456221202,33.98559516,1000,0,3049,7.438414544,34.04915537,0.162658776,0.162658776,100.1945246,1.658034102,2145.284375,2264.083333,28.3456,7.66935,,,
NH1208,2012,9,12,D,22,1,22.01,30,35.7316,-134.8835,256.427535,1015.65,349,1716.6,801.8,1000.1,4.181402844,34.35422986,1000,800,3049,4.129314428,34.38387612,0.160406468,0.160406468,12.48224378,1.749800995,2345.4,2348,91.332,7.30315,,,
NH1208,2012,9,12,D,22,2,22.02,30,35.746,-134.8717,256.447141,1043.883,300,1455.2,602.6,801.1,4.734869942,34.20407803,800,600,3049,4.735898507,34.23698507,0.168328358,0.168328358,17.25532836,1.734527363,2325.5,2333.05,92.364,7.30845,,,
NH1208,2012,9,12,D,22,3,22.03,30,35.7589,-134.86,256.463218,1107.034,422,2135.5,400.6,602.5,5.477407045,34.04018591,600,400,3049,5.652327363,34.05014229,0.130752736,0.130752736,61.2880995,1.575920398,2251.65,2298.916667,51.944,7.421933333,,,
NH1208,2012,9,12,D,22,4,22.04,30,35.7739,-134.8468,256.486968,1141.234,218,1353.4,201.2,399.5,8.020049563,33.91620117,400,200,3049,8.140128358,33.92757313,0.113642289,0.113642289,172.4569005,1.349701493,2147.975,2256.425,22.446,7.6336875,,,
NH1208,2012,9,12,D,22,5,22.05,30,35.7797,-134.8363,256.502905,1204.183,100,647.3,98.2,200.8,11.915675,33.50026875,200,100,3049,11.8773802,33.59432277,0.252338614,0.252338614,235.9424059,1.28,2051.5,2228.45,5.934,7.813075,,,
NH1208,2012,9,12,D,22,6,22.06,30,35.7828,-134.8316,256.510382,1214.95,74,500.2,53.2,97.3,14.886875,33.4641875,100,50,3049,15.79686078,33.75045686,0.282358824,0.282358824,254.1810196,1.28,2011.2,2227.2,1.376,7.901933333,,,
NH1208,2012,9,12,D,22,7,22.07,30,35.7852,-134.8283,256.516319,1223.499,1,6.6,52.4,52.7,17.344,33.669,50,50,3049,15.8073,33.359,0.2157,0.2157,257.927,1.28,1998.9,2225.5,1.032,7.9172,,,
NH1208,2012,9,12,D,22,8,22.08,30,35.7853,-134.8282,256.516424,1223.651,44,333.3,24.7,51.3,19.38457303,33.71560674,50,25,3049,18.66758462,33.61216923,0.190176923,0.190176923,241.9043462,1.28,2003,2232.5,1.548,7.925,,,
NH1208,2012,9,12,D,22,9,22.09,30,35.7868,-134.8258,256.520556,1229.601,40,288.4,0.7,24,20.39244444,33.67456944,25,0,3049,20.39525455,33.61360455,0.1525,0.1525,225.3300909,6.671818182,2008.1,2240.4,2.064,7.9334,,,
NH1208,2012,9,12,D,22,10,22.1,30,35.788,-134.8236,256.5239,1234.416,2,14.1,0.1,1.6,19.98036364,25.50490909,0,0,3049,26.1694,36.2337,0.0617,0.0617,196.714,1E-12,2009.1,2241.3,2.064,7.934,,,
NH1208,2012,9,12,N,23,0,23,32,34.4969,-135.0013,256.951366,2249.967,372,2749.5,2.9,1053.5,8.419569502,33.89504357,1000,0,3253,7.332668305,33.99247362,0.159691575,0.159691575,95.64939318,1.596138415,2125.66,2264.07,28.552,7.6917,,,
NH1208,2012,9,12,N,23,1,23.01,32,34.4778,-135.0304,256.996157,2354.466,224,1412.5,800.8,999.9,4.019261111,34.33939722,1000,800,3253,3.909605473,34.3589,0.153406965,0.153406965,12.12512438,1.74880597,2361.9,2362.9,114.552,7.30825,,,
NH1208,2012,9,12,N,23,2,23.02,32,34.4684,-135.0425,257.012951,18.65,288,1593.7,601.3,799.8,4.620468421,34.22570789,800,600,3253,4.635850746,34.24185274,0.150680597,0.150680597,17.28693035,1.647462687,2345.3,2346.75,100.62,7.2978,,,
NH1208,2012,9,12,N,23,3,23.03,32,34.459,-135.0555,257.030602,44.07,255,1425.8,400.9,600.4,5.75520059,34.05834808,600,400,3253,5.757833333,34.06762139,0.142855224,0.142855224,56.16112935,1.440298507,2221.85,2302.333333,52.976,7.423533333,,,
NH1208,2012,9,12,N,23,4,23.04,32,34.4511,-135.0675,257.046354,106.75,254,1414.7,203.5,399.9,8.072797546,33.8808589,400,200,3253,8.040908955,33.90567612,0.117013433,0.117013433,152.0528557,1.280447761,2107.675,2246.225,9.804,7.709375,,,
NH1208,2012,9,12,N,23,5,23.05,32,34.4431,-135.0794,257.061505,128.57,141,748,110.8,202.4,11.4671018,33.38353892,200,100,3253,12.00558614,33.39677723,0.246346535,0.246346535,239.7634851,1.28,2042.05,2228.675,4.644,7.8263,,,
NH1208,2012,9,12,N,23,6,23.06,32,34.4392,-135.086,257.069259,139.73,123,690.8,50.9,110.6,14.57108333,33.2859359,100,50,3253,14.74713922,33.28914118,0.289337255,0.289337255,260.4851373,1.28,2007.733333,2227.8,1.72,7.907733333,,,
NH1208,2012,9,12,N,23,7,23.07,32,34.4361,-135.0922,257.076505,150.17,78,467.9,25.3,50.9,18.7715514,33.35890654,50,25,3253,18.81609231,33.40485,0.168123077,0.168123077,238.8896923,1.28,2007.45,2230.975,2.064,7.92085,,,
NH1208,2012,9,12,N,23,8,23.08,32,34.433,-135.0954,257.081481,157.33,115,690,1.5,25.9,20.0839557,33.40866456,25,0,3253,20.09330455,33.44931818,0.144445455,0.144445455,227.3873636,6.532272727,2008.55,2234.225,2.064,7.9273,,,
NH1208,2012,9,12,N,23,9,23.09,32,34.428,-135.0993,257.088819,207.9,2,15.4,1,1.8,20.089,33.40225,0,0,3253,26.1694,36.2337,0.0617,0.0617,196.714,1E-12,2009.4,2238.4,2.064,7.9324,,,
NH1208,2012,9,13,D,24,0,24,32,34.5261,-135.0731,257.349641,823.483,442,3052.3,4.3,1011.3,8.765741658,33.89008934,1000,0,3253,7.332668305,33.99247362,0.159691575,0.159691575,95.64939318,1.596138415,2125.66,2264.07,28.552,7.6917,,,
NH1208,2012,9,13,D,24,1,24.01,32,34.562,-135.0753,257.392801,925.633,272,1582.9,800.5,1000,3.890789082,34.34626055,1000,800,3253,3.909605473,34.3589,0.153406965,0.153406965,12.12512438,1.74880597,2361.9,2362.9,114.552,7.30825,,,
NH1208,2012,9,13,D,24,2,24.02,32,34.5769,-135.0779,257.411528,952.6,239,1288.3,601.5,799.2,4.651358065,34.2203,800,600,3253,4.635850746,34.24185274,0.150680597,0.150680597,17.28693035,1.647462687,2345.3,2346.75,100.62,7.2978,,,
NH1208,2012,9,13,D,24,3,24.03,32,34.5891,-135.0791,257.425937,1013.349,297,1548.1,400.5,600.6,5.700008264,34.0459449,600,400,3253,5.757833333,34.06762139,0.142855224,0.142855224,56.16112935,1.440298507,2221.85,2302.333333,52.976,7.423533333,,,
NH1208,2012,9,13,D,24,4,24.04,32,34.6045,-135.08,257.442801,1037.633,405,2073.4,202.3,400.4,8.016696466,33.91164449,400,200,3253,8.040908955,33.90567612,0.117013433,0.117013433,152.0528557,1.280447761,2107.675,2246.225,9.804,7.709375,,,
NH1208,2012,9,13,D,24,5,24.05,32,34.6246,-135.0809,257.46515,1109.816,203,1147.4,102,201.3,11.73425758,33.3962803,200,100,3253,12.00558614,33.39677723,0.246346535,0.246346535,239.7634851,1.28,2042.05,2228.675,4.644,7.8263,,,
NH1208,2012,9,13,D,24,6,24.06,32,34.6352,-135.0817,257.477419,1127.483,89,539.7,49.7,102,14.85553906,33.259,100,50,3253,14.74713922,33.28914118,0.289337255,0.289337255,260.4851373,1.28,2007.733333,2227.8,1.72,7.907733333,,,
NH1208,2012,9,13,D,24,7,24.07,32,34.6406,-135.0818,257.483368,1136.05,35,206.4,25.1,49.7,19.19948,33.3917,50,25,3253,18.81609231,33.40485,0.168123077,0.168123077,238.8896923,1.28,2007.45,2230.975,2.064,7.92085,,,
NH1208,2012,9,13,D,24,8,24.08,32,34.6428,-135.0818,257.485683,1139.384,40,236.4,0.8,24.7,20.10235714,33.45191071,25,0,3253,20.09330455,33.44931818,0.144445455,0.144445455,227.3873636,6.532272727,2008.55,2234.225,2.064,7.9273,,,
NH1208,2012,9,13,D,24,9,24.09,32,34.6453,-135.0817,257.488287,1143.133,1,7.6,-0.4,0.6,20.00316667,28.84683333,0,0,3253,26.1694,36.2337,0.0617,0.0617,196.714,1E-12,2009.4,2238.4,2.064,7.9324,,,
NH1208,2012,9,13,N,25,0,25,34,33.5053,-134.9997,257.941493,2235.75,442,3141.8,4.4,1013.9,8.855482794,34.09603846,1000,0,3457,7.433404651,34.07323802,0.156832963,0.156832963,102.6252224,1.530131446,2157.35,2276.843333,23.6672,7.684193333,,,
NH1208,2012,9,13,N,25,1,25.01,34,33.5388,-134.9978,257.9875,2342,222,1333.1,785.9,995.3,3.999642229,34.36435777,1000,800,3457,3.973726866,34.36209652,0.152086567,0.152086567,11.93662687,1.82681592,2364.35,2344.85,86.688,7.29665,,,
NH1208,2012,9,13,N,25,2,25.02,34,33.5503,-134.998,258.003345,4.8,241,1336.7,600.5,784.6,4.599870769,34.18992308,800,600,3457,4.515975124,34.20563383,0.148840796,0.148840796,20.57195025,1.721442786,2337.466667,2329.5,52.632,7.3044,,,
NH1208,2012,9,13,N,25,3,25.03,34,33.5622,-134.9976,258.018449,26.57,301,1659.6,400.7,599.9,5.666349367,34.0258,600,400,3457,5.784183085,34.03957065,0.137160199,0.137160199,70.18038308,1.489800995,2278.033333,2299.85,42.656,7.377533333,,,
NH1208,2012,9,13,N,25,4,25.04,34,33.5761,-134.9967,258.036806,53,256,1392.3,201.2,400.2,8.129905488,33.90522256,400,200,3457,8.428049751,33.91139453,0.108499502,0.108499502,178.6046119,1.293283582,2156.4,2264.4125,21.156,7.62985,,,
NH1208,2012,9,13,N,25,5,25.05,34,33.5885,-134.9969,258.052037,114.93,225,1258.4,101.2,201.4,12.43212195,33.68419164,200,100,3457,12.42723564,33.70507822,0.234128713,0.234128713,236.9763762,1.28,2051.825,2243.65,4.386,7.85845,,,
NH1208,2012,9,13,N,25,6,25.06,34,33.5996,-134.9968,258.06537,134.13,125,721,51.8,101.9,16.11001796,33.86045509,100,50,3457,15.66834902,33.80106275,0.312980392,0.312980392,254.6234902,1.28,2023.5,2251,1.72,7.9304,,,
NH1208,2012,9,13,N,25,7,25.07,34,33.6063,-134.9965,258.073137,145.32,71,416.7,23.6,52,20.08804082,34.10078571,50,25,3457,19.87523846,34.15090385,0.181519231,0.181519231,232.7235769,1.28,2024.75,2270.9,2.064,7.9544,,,
NH1208,2012,9,13,N,25,8,25.08,34,33.6103,-134.9963,258.077685,151.87,70,409.6,0.6,23.6,21.17941837,34.1525,25,0,3457,21.19328571,34.29482143,0.161142857,0.161142857,221.7305714,1.623571429,2030.65,2280.35,2.064,7.96465,,,
NH1208,2012,9,13,N,25,9,25.09,34,33.6144,-134.9961,258.082245,158.43,0,0,0.5,0.6,18.07033333,1.625,0,0,3457,21.1913,21.1913,21.1913,21.1913,21.1913,21.1913,2030.4,2280.3,1.032,7.9647,,,
NH1208,2012,9,14,D,26,0,26,34,33.5889,-134.9791,258.354259,830.133,418,3080.7,5.3,1012.3,8.464775789,34.08320526,1000,0,3457,7.433404651,34.07323802,0.156832963,0.156832963,102.6252224,1.530131446,2157.35,2276.843333,23.6672,7.684193333,,,
NH1208,2012,9,14,D,26,1,26.01,34,33.6207,-134.9839,258.398646,934.05,239,1487.8,800.3,1000.8,3.923738095,34.34975397,1000,800,3457,3.973726866,34.36209652,0.152086567,0.152086567,11.93662687,1.82681592,2364.35,2344.85,86.688,7.29665,,,
NH1208,2012,9,14,D,26,2,26.02,34,33.6314,-134.9866,258.416204,959.334,211,1303.3,600.4,799.8,4.48123913,34.18438199,800,600,3457,4.515975124,34.20563383,0.148840796,0.148840796,20.57195025,1.721442786,2337.466667,2329.5,52.632,7.3044,,,
NH1208,2012,9,14,D,26,3,26.03,34,33.6411,-134.9904,258.431169,1020.883,257,1489.6,401.9,600.1,5.579858757,34.03598023,600,400,3457,5.784183085,34.03957065,0.137160199,0.137160199,70.18038308,1.489800995,2278.033333,2299.85,42.656,7.377533333,,,
NH1208,2012,9,14,D,26,4,26.04,34,33.6533,-134.9952,258.447616,1044.567,349,1876.1,200.3,401.2,7.998831409,33.91349885,400,200,3457,8.428049751,33.91139453,0.108499502,0.108499502,178.6046119,1.293283582,2156.4,2264.4125,21.156,7.62985,,,
NH1208,2012,9,14,D,26,5,26.05,34,33.6697,-135.0012,258.467731,1113.533,246,1318.5,101.6,200.3,12.49635959,33.66716438,200,100,3457,12.42723564,33.70507822,0.234128713,0.234128713,236.9763762,1.28,2051.825,2243.65,4.386,7.85845,,,
NH1208,2012,9,14,D,26,6,26.06,34,33.6818,-135.0049,258.481296,1133.066,123,654.4,51.4,101.4,15.71516438,33.83399315,100,50,3457,15.66834902,33.80106275,0.312980392,0.312980392,254.6234902,1.28,2023.5,2251,1.72,7.9304,,,
NH1208,2012,9,14,D,26,7,26.07,34,33.6883,-135.0069,258.488079,1142.834,106,602.4,26.6,51.1,19.88673571,34.06557143,50,25,3457,19.87523846,34.15090385,0.181519231,0.181519231,232.7235769,1.28,2024.75,2270.9,2.064,7.9544,,,
NH1208,2012,9,14,D,26,8,26.08,34,33.6944,-135.009,258.494583,1152.2,102,575.9,1.4,26.8,21.00641985,34.20865649,25,0,3457,21.19328571,34.29482143,0.161142857,0.161142857,221.7305714,1.623571429,2030.65,2280.35,2.064,7.96465,,,
NH1208,2012,9,14,D,26,9,26.09,34,33.7006,-135.0111,258.500671,1200.966,2,13.9,0.8,2.7,19.60554545,16.42272727,0,0,3457,21.1913,21.1913,21.1913,21.1913,21.1913,21.1913,2030.4,2280.3,1.032,7.9647,,,